EASP08H,Season15,http://www.goodeatsfanpage.com/Season15/EASP08H.htm,http://www.goodeatsfanpage.com/Season15/dark_chocolate/dark_chocolate_tran.htm
EASP07H,Season15,http://www.goodeatsfanpage.com/Season15/EASP07H.htm,http://www.goodeatsfanpage.com/Season15/t-day/turkey2.htm
EASP06H,Season15,http://www.goodeatsfanpage.com/Season15/EASP06H.htm,http://www.goodeatsfanpage.com/Season15/BBQ/right_on_q_tran.htm
EA1422H,Season14,http://www.goodeatsfanpage.com/Season14/EA1422H.htm,http://www.goodeatsfanpage.com/Season14/asian_noodles/asian_noodle_tran.htm
EA1421H,Season14,http://www.goodeatsfanpage.com/Season14/EA1421H.htm,http://www.goodeatsfanpage.com/Season14/cauliflower/cauliflower_tran.htm
EA1420H,Season14,http://www.goodeatsfanpage.com/Season14/EA1420H.htm,http://www.goodeatsfanpage.com/Season14/roills/rolls_tran.htm
EA1419H,Season14,http://www.goodeatsfanpage.com/Season14/EA1419H.htm,http://www.goodeatsfanpage.com/Season14/breadpudding/bread_pudding_tran.htm
EA1418H,Season14,http://www.goodeatsfanpage.com/Season14/EA1418H.htm,http://www.goodeatsfanpage.com/Season14/bouillabaisse/bouillabaisse_tran.htm
EA1417H,Season14,http://www.goodeatsfanpage.com/Season14/EA1417H.htm,http://www.goodeatsfanpage.com/Season14/lasagna/lasagna_tran.htm
EA1415H,Season14,http://www.goodeatsfanpage.com/Season14/EA1415H.htm,http://www.goodeatsfanpage.com/Season14/potpie/pot_pie_tran.htm
EA1416H,Season14,http://www.goodeatsfanpage.com/Season14/EA1416H.htm,http://www.goodeatsfanpage.com/Season14/devil_cake/devil_cake_tran.htm
EA1414H,Season14,http://www.goodeatsfanpage.com/Season14/EA1414H.htm,http://www.goodeatsfanpage.com/Season14/chickpea/chickpea_tran.htm
EA1413H,Season14,http://www.goodeatsfanpage.com/Season14/EA1413H.htm,http://www.goodeatsfanpage.com/Season14/eggsVII/EggFilesVII_tran.htm
EA1412H,Season14,http://www.goodeatsfanpage.com/Season14/EA1412H.htm,http://www.goodeatsfanpage.com/Season14/pumpkinpie/pumpkin_pie_tran.htm
EA1411H,Season14,http://www.goodeatsfanpage.com/Season14/EA1411H.htm,http://www.goodeatsfanpage.com/Season14/squash2/squash2_tran.htm
EA1410H,Season14,http://www.goodeatsfanpage.com/Season14/EA1410H.htm,http://www.goodeatsfanpage.com/Season14/halloween/halloween2_tran.htm
EA1409H,Season14,http://www.goodeatsfanpage.com/Season14/EA1409H.htm,http://www.goodeatsfanpage.com/Season14/oats/oat2_tran.htm
EA1408H,Season14,http://www.goodeatsfanpage.com/Season14/EA1408H.htm,http://www.goodeatsfanpage.com/Season14/tempura/tempurs_tran.htm
EA1407H,Season14,http://www.goodeatsfanpage.com/Season14/EA1407H.htm,http://www.goodeatsfanpage.com/Season14/tacos/taco_tran.htm
EA1406H,Season14,http://www.goodeatsfanpage.com/Season14/EA1406H.htm,http://www.goodeatsfanpage.com/Season14/bananas/banana_tran.htm
EA1404H,Season14,http://www.goodeatsfanpage.com/Season14/EA1404H.htm,http://www.goodeatsfanpage.com/Season14/pizza/flat_v_tran.htm
EA1403H,Season14,http://www.goodeatsfanpage.com/Season14/EA1403H.htm,http://www.goodeatsfanpage.com/Season14/eggs_benedict.htm/eggs_benedict_tran.htm
EA1405H,Season14,http://www.goodeatsfanpage.com/Season14/EA1405H.htm,http://www.goodeatsfanpage.com/Season14/asparagus/asparagus_trans.htm
EA1402H,Season14,http://www.goodeatsfanpage.com/Season14/EA1402H.htm,http://www.goodeatsfanpage.com/Season14/grilled_chicken/grilled_chicken_trans.htm
EA1401H,Season14,http://www.goodeatsfanpage.com/Season14/EA1401H.htm,http://www.goodeatsfanpage.com/Season14/porterhouse/porterhouse_trans.htm
EA1315H,Season13,http://www.goodeatsfanpage.com/Season13/EA1315H.htm,http://www.goodeatsfanpage.com/Season13/paella/paella_tran.htm
EA1319H,Season13,http://www.goodeatsfanpage.com/Season13/EA1319H.htm,http://www.goodeatsfanpage.com/Season13/catfish/catfish_tran.htm
EA1316H,Season13,http://www.goodeatsfanpage.com/Season13/EA1316H.htm,http://www.goodeatsfanpage.com/Season13/curry/curry_tran.htm
EA1318H,Season13,http://www.goodeatsfanpage.com/Season13/EA1318H.htm,http://www.goodeatsfanpage.com/Season13/dumplings/dumbplings_tran.htm
EA1317H,Season13,http://www.goodeatsfanpage.com/Season13/EA1317H.htm,http://www.goodeatsfanpage.com/Season13/salty_desserts/salty_sweet_trans.htm
EA1314H,Season13,http://www.goodeatsfanpage.com/Season13/EA1314H.htm,http://www.goodeatsfanpage.com/Season13/cocktails_2/raising_the_bar_again_trans.htm
EA1313H,Season13,http://www.goodeatsfanpage.com/Season13/EA1313H.htm,http://www.goodeatsfanpage.com/Season13/diet/diet_trans.htm
EASP05H,Season13,http://www.goodeatsfanpage.com/Season13/EASP05H.htm,http://www.goodeatsfanpage.com/Season13/yuletide/yuletide_tran.htm
EA1312H,Season13,http://www.goodeatsfanpage.com/Season13/EA1312H.htm,http://www.goodeatsfanpage.com/Season13/pudding/pudding_trans.htm
EA1307H,Season13,http://www.goodeatsfanpage.com/Season13/EA1307H.htm,http://www.goodeatsfanpage.com/Season13/miso_soup/turning_jap_tran.htm
EA1308H,Season13,http://www.goodeatsfanpage.com/Season13/EA1308H.htm,http://www.goodeatsfanpage.com/Season13/trout/trout_transcript.htm
EA1309H,Season13,http://www.goodeatsfanpage.com/Season13/EA1309H.htm,http://www.goodeatsfanpage.com/Season13/poundcake/poundcake_tran.htm
EA1310H,Season13,http://www.goodeatsfanpage.com/Season13/EA1310H.htm,http://www.goodeatsfanpage.com/Season13/alcohol/alcohol_trans.htm
EA1311H,Season13,http://www.goodeatsfanpage.com/Season13/EA1311H.htm,http://www.goodeatsfanpage.com/Season13/man_food/man_food_trans.htm
EASP04H,Season13,http://www.goodeatsfanpage.com/Season13/EASP04H.htm,http://www.goodeatsfanpage.com/Season13/anniversary/GE_turns_10.htm
EA1306,Season13,http://www.goodeatsfanpage.com/Season13/EA1306.htm,http://www.goodeatsfanpage.com/Season13/punch/punch_tran.htm
EA1305,Season13,http://www.goodeatsfanpage.com/Season13/EA1305.htm,http://www.goodeatsfanpage.com/Season13/parsnips/parsnip_tran.htm
EA1301H,Season13,http://www.goodeatsfanpage.com/Season13/EA1301H.htm,http://www.goodeatsfanpage.com/Season13/pork/pork_tran.htm
EA1304H,Season13,http://www.goodeatsfanpage.com/Season13/EA1304H.htm,http://www.goodeatsfanpage.com/Season13/spaghetti/spaghetti_tran.htm
EA1303H,Season13,http://www.goodeatsfanpage.com/Season13/EA1303H.htm,http://www.goodeatsfanpage.com/Season13/tamale/tamale_tran.htm
EA1302H,Season13,http://www.goodeatsfanpage.com/Season13/EA1302H.htm,http://www.goodeatsfanpage.com/Season13/crawfish/crawfish_tran.htm
EA1215,Season12,http://www.goodeatsfanpage.com/Season12/EA1215.htm,http://www.goodeatsfanpage.com/Season12/salmon/salmon_tran.htm
EA1214,Season12,http://www.goodeatsfanpage.com/Season12/EA1214.htm,http://www.goodeatsfanpage.com/Season12/molasses/molasses_tran.htm
EA1213,Season12,http://www.goodeatsfanpage.com/Season12/EA1213.htm,http://www.goodeatsfanpage.com/Season12/oranges/orange_aid.htm
EA1211,Season12,http://www.goodeatsfanpage.com/Season12/EA1211.htm,http://www.goodeatsfanpage.com/Season12/brussels_sprouts/burssel_tran.htm
EA1212,Season12,http://www.goodeatsfanpage.com/Season12/EA1212.htm,http://www.goodeatsfanpage.com/Season12/ginger/ginger.htm
EA1114,Season11,http://www.goodeatsfanpage.com/Season11/EA1114.htm,http://www.goodeatsfanpage.com/Season11/cranberry/cranberry_tran.htm
EA1210,Season12,http://www.goodeatsfanpage.com/Season12/EA1210.htm,http://www.goodeatsfanpage.com/Season12/baklava/baklava_tran.htm
EA1209,Season12,http://www.goodeatsfanpage.com/Season12/EA1209.htm,http://www.goodeatsfanpage.com/Season12/creole/creole_tran.htm
EA1208,Season12,http://www.goodeatsfanpage.com/Season12/EA1208.htm,http://www.goodeatsfanpage.com/Season12/crackers/going_cracker_tran.htm
EA1207,Season12,http://www.goodeatsfanpage.com/Season12/EA1207.htm,http://www.goodeatsfanpage.com/Season12/edamame/edamame_tran.htm
EA1206,Season12,http://www.goodeatsfanpage.com/Season12/EA1206.htm,http://www.goodeatsfanpage.com/Season12/meat_pie/meat_pie_tran.htm
EA1201,Season12,http://www.goodeatsfanpage.com/Season12/EA1201.htm,http://www.goodeatsfanpage.com/Season12/freezer/frozen_cache_tran.htm
EA1205,Season12,http://www.goodeatsfanpage.com/Season12/EA1205.htm,http://www.goodeatsfanpage.com/Season12/oil/oil_trans.htm
EA1204,Season12,http://www.goodeatsfanpage.com/Season12/EA1204.htm,http://www.goodeatsfanpage.com/Season12/tuna/tuna_trans.htm
EA1203,Season12,http://www.goodeatsfanpage.com/Season12/EA1203.htm,http://www.goodeatsfanpage.com/Season12/celery/celery_tran.htm
EA1202,Season12,http://www.goodeatsfanpage.com/Season12/EA1202.htm,http://www.goodeatsfanpage.com/Season12/popover/popover_tran.htm
EA1120,Season11,http://www.goodeatsfanpage.com/Season11/EA1120.htm,http://www.goodeatsfanpage.com/Season11/dutch_oven/dutch_oven_tran.htm
EA1117,Season11,http://www.goodeatsfanpage.com/Season11/EA1117.htm,http://www.goodeatsfanpage.com/Season11/cupcakes/cupcake_tran.htm
EA1118,Season11,http://www.goodeatsfanpage.com/Season11/EA1118.htm,http://www.goodeatsfanpage.com/Season11/lamb_roast/crown_roast_tran.htm
EA1116,Season11,http://www.goodeatsfanpage.com/Season11/EA1116.htm,http://www.goodeatsfanpage.com/Season11/broccoli/broccoli_tran.htm
EA1115,Season11,http://www.goodeatsfanpage.com/Season11/EA1115.htm,http://www.goodeatsfanpage.com/Season11/apple_pie/apple_pie_tran.htm
EA1119,Season11,http://www.goodeatsfanpage.com/Season11/EA1119.htm,http://www.goodeatsfanpage.com/Season11/wings/Wing_Tran.htm
EA1111,Season11,http://www.goodeatsfanpage.com/Season11/EA1111.htm,http://www.goodeatsfanpage.com/Season11/knives/american_slicer_tran.htm
EA1113,Season11,http://www.goodeatsfanpage.com/Season11/EA1113.htm,http://www.goodeatsfanpage.com/Season11/marshmallows/marshmallow_tran.htm
EA1108,Season11,http://www.goodeatsfanpage.com/Season11/EA1108.htm,http://www.goodeatsfanpage.com/Season11/blueberry/kinda_blue_tran.htm
EA1109,Season11,http://www.goodeatsfanpage.com/Season11/EA1109.htm,http://www.goodeatsfanpage.com/Season11/green_bean/green_bean_tran.htm
EA1112,Season11,http://www.goodeatsfanpage.com/Season11/EA1112.htm,http://www.goodeatsfanpage.com/Season11/peanuts/peanut_tran.html
EA1110,Season11,http://www.goodeatsfanpage.com/Season11/EA1110.htm,http://www.goodeatsfanpage.com/Season11/pickle/pickle_tran.htm
EA1103,Season11,http://www.goodeatsfanpage.com/Season11/EA1103.htm,http://www.goodeatsfanpage.com/Season11/stew/stewromance.htm
EA1107,Season11,http://www.goodeatsfanpage.com/Season11/EA1107.htm,http://www.goodeatsfanpage.com/Season11/dried_fruit/witheringbites.htm
EA1106,Season11,http://www.goodeatsfanpage.com/Season11/EA1106.htm,http://www.goodeatsfanpage.com/Season11/whole_fish/fishin.htm
EA1105,Season11,http://www.goodeatsfanpage.com/Season11/EA1105.htm,http://www.goodeatsfanpage.com/Season11/substitutions/substandards.htm
EA1104,Season11,http://www.goodeatsfanpage.com/Season11/EA1104.htm,http://www.goodeatsfanpage.com/Season11/coconut_cake/coconut_cake_tran.htm
EA1102,Season11,http://www.goodeatsfanpage.com/Season11/EA1102.htm,http://www.goodeatsfanpage.com/Season11/pretzel/pretzel_tran.html
EA1101,Season11,http://www.goodeatsfanpage.com/Season11/EA1101.html,http://www.goodeatsfanpage.com/Season11/milk/milktran.htm
EA1019,Season10,http://www.goodeatsfanpage.com/Season10/EA1019.htm,http://www.goodeatsfanpage.com/Season10/spinach_salad/ac1.htm
EA1018,Season10,http://www.goodeatsfanpage.com/Season10/EA1018.htm,http://www.goodeatsfanpage.com/Season10/espresso/espressyourself.htm
EA1020,Season10,http://www.goodeatsfanpage.com/Season10/EA1020.htm,http://www.goodeatsfanpage.com/Season10/cornbeef/cornbeef_tran.htm
EA1014,Season10,http://www.goodeatsfanpage.com/Season10/EA1014.htm,http://www.goodeatsfanpage.com/Season10/pomegranate/fruit_10.htm
EA1017,Season10,http://www.goodeatsfanpage.com/Season10/EA1017.htm,http://www.goodeatsfanpage.com/Season10/game_hen/fowl_territory.htm
EA1016,Season10,http://www.goodeatsfanpage.com/Season10/EA1016.htm,http://www.goodeatsfanpage.com/Season10/bayou/gumbo_tran.html
EA1011,Season10,http://www.goodeatsfanpage.com/Season10/EA1011.htm,http://www.goodeatsfanpage.com/Season10/tortillas2/tortilla2_tran.htm
EA1015,Season10,http://www.goodeatsfanpage.com/Season10/EA1015.htm,http://www.goodeatsfanpage.com/Season10/lentils/lentil_tran.htm
EA1013,Season10,http://www.goodeatsfanpage.com/Season10/EA1013.htm,http://www.goodeatsfanpage.com/Season10/fry_turkey/fryturkey.htm
EA1012,Season10,http://www.goodeatsfanpage.com/Season10/EA1012.htm,http://www.goodeatsfanpage.com/Season10/pepper/majorpepper.htm
EA1010,Season10,http://www.goodeatsfanpage.com/Season10/EA1010.htm,http://www.goodeatsfanpage.com/Season10/popcorn/popart_tran.htm
EA1009,Season10,http://www.goodeatsfanpage.com/Season10/EA1009.htm,http://www.goodeatsfanpage.com/Season10/squid2/squidproquo2.htm
EA1008,Season10,http://www.goodeatsfanpage.com/Season10/EA1008.htm,http://www.goodeatsfanpage.com/Season10/okra/okraphobia_tran.htm
EA1007,Season10,http://www.goodeatsfanpage.com/Season10/EA1007.htm,http://www.goodeatsfanpage.com/Season10/peaches/peachy_keen_tran.htm
EA0922,Season9,http://www.goodeatsfanpage.com/Season9/EA0922.htm,http://www.goodeatsfanpage.com/Season9/behind_the_eats/behind_the_eats_trans.htm
EA1006,Season10,http://www.goodeatsfanpage.com/Season10/EA1006.htm,http://www.goodeatsfanpage.com/Season10/water2/water2_tran.htm
EA1005,Season10,http://www.goodeatsfanpage.com/Season10/EA1005.htm,http://www.goodeatsfanpage.com/Season10/water1/water1_tran.htm
EA1004,Season10,http://www.goodeatsfanpage.com/Season10/EA1004.htm,http://www.goodeatsfanpage.com/Season10/cubesteak/cubesteaktran.htm
EA1003,Season10,http://www.goodeatsfanpage.com/Season10/EA1003.htm,http://www.goodeatsfanpage.com/Season10/bun/housebuntran.htm
EA1001,Season10,http://www.goodeatsfanpage.com/Season10/EA1001.htm,http://www.goodeatsfanpage.com/Season10/barley/just_barley.htm
EA1002,Season10,http://www.goodeatsfanpage.com/Season10/EA1002.htm,http://www.goodeatsfanpage.com/Season10/tortila/tortilla_tran.htm
EA0921,Season9,http://www.goodeatsfanpage.com/Season9/EA0921.htm,http://www.goodeatsfanpage.com/Season9/olives/olive_tran.htm
EA0916,Season9,http://www.goodeatsfanpage.com/Season9/EA0916.htm,http://www.goodeatsfanpage.com/Season9/scallops/scallop_trans.htm
EA0920,Season9,http://www.goodeatsfanpage.com/Season9/EA0920.htm,http://www.goodeatsfanpage.com/Season9/thai/padthai.htm
EA0915,Season9,http://www.goodeatsfanpage.com/Season9/EA0915.htm,http://www.goodeatsfanpage.com/Season9/flounder/flounder_tran.htm
EA0919,Season9,http://www.goodeatsfanpage.com/Season9/EA0919.htm,http://www.goodeatsfanpage.com/Season9/tenderloin2/tenderloin2_trans.htm
EA0917,Season9,http://www.goodeatsfanpage.com/Season9/EA0917.htm,http://www.goodeatsfanpage.com/Season9/cocktail/raising_the_bar.htm
EA0918,Season9,http://www.goodeatsfanpage.com/Season9/EA0918.htm,http://www.goodeatsfanpage.com/Season9/tenderloin1/tenderloin1_trans.htm
EA0914,Season9,http://www.goodeatsfanpage.com/Season9/EA0914.htm,http://www.goodeatsfanpage.com/Season9/vanilla/vanilla_tran.htm
EA0911,Season9,http://www.goodeatsfanpage.com/Season9/EA0911.htm,http://www.goodeatsfanpage.com/Season9/eggnog/eggnog_tran.htm
EA0913,Season9,http://www.goodeatsfanpage.com/Season9/EA0913.htm,http://www.goodeatsfanpage.com/Season9/pocketpie/pocket_pie_tran.htm
EA0912,Season9,http://www.goodeatsfanpage.com/Season9/EA0912.htm,http://www.goodeatsfanpage.com/Season9/avocado/avocado_tran.htm
EA0910,Season9,http://www.goodeatsfanpage.com/Season9/EA0910.htm,http://www.goodeatsfanpage.com/Season9/meatballs/meatball_tran.htm
EA0909,Season9,http://www.goodeatsfanpage.com/Season9/EA0909.htm,http://www.goodeatsfanpage.com/Season9/waffles/waffle_tran.htm
EA0908,Season9,http://www.goodeatsfanpage.com/Season9/EA0908.htm,http://www.goodeatsfanpage.com/Season9/vinegar/vinegar_trans.htm
EA0904,Season9,http://www.goodeatsfanpage.com/Season9/EA0904.htm,http://www.goodeatsfanpage.com/Season9/cobbler/cobbler_trans.htm
EA0907,Season9,http://www.goodeatsfanpage.com/Season9/EA0907.htm,http://www.goodeatsfanpage.com/Season9/sushi/sushi_trans.htm
EA0906,Season9,http://www.goodeatsfanpage.com/Season9/EA0906.htm,http://www.goodeatsfanpage.com/Season9/energy_bar/power_trip_trans.htm
EA0905,Season9,http://www.goodeatsfanpage.com/Season9/EA0905.htm,http://www.goodeatsfanpage.com/Season9/ice_cream/churn_baby_churn_ii.htm
EA0901,Season9,http://www.goodeatsfanpage.com/Season9/EA0901.htm,http://www.goodeatsfanpage.com/Season9/jerky/jerky_trans.htm
EA0903,Season9,http://www.goodeatsfanpage.com/Season9/EA0903.htm,http://www.goodeatsfanpage.com/Season9/kabobs/kabob_tran.htm
EA0902,Season9,http://www.goodeatsfanpage.com/Season9/EA0902.htm,http://www.goodeatsfanpage.com/Season9/peas/peas.htm
EA1H19,Season8,http://www.goodeatsfanpage.com/Season8/EA1H19.htm,http://www.goodeatsfanpage.com/Season8/rice/do_the_rice_thing_trans.htm
EA1H20,Season8,http://www.goodeatsfanpage.com/Season8/EA1H20.htm,http://www.goodeatsfanpage.com/Season8/lettuce/greens.htm
EA1H17,Season8,http://www.goodeatsfanpage.com/Season8/EA1H17.htm,http://www.goodeatsfanpage.com/Season8/gyro/gyro.htm
EA1H15,Season8,http://www.goodeatsfanpage.com/Season8/EA1H15.htm,http://www.goodeatsfanpage.com/Season8/bread/dr_strangeloaf.htm
EA1H21,Season8,http://www.goodeatsfanpage.com/Season8/EA1H21.htm,http://www.goodeatsfanpage.com/Season8/leek/leek.htm
EA1H16,Season8,http://www.goodeatsfanpage.com/Season8/EA1H16.htm,http://www.goodeatsfanpage.com/Season8/carrots/taproot_orange_trans.htm
EA1H18,Season8,http://www.goodeatsfanpage.com/Season8/EA1H18.htm,http://www.goodeatsfanpage.com/Season8/coqauvin/coq_au_vin.htm
EA1H22,Season8,http://www.goodeatsfanpage.com/Season8/EA1H22.htm,http://www.goodeatsfanpage.com/Season8/myths/myth_smashers.htm
EA1H10,Season8,http://www.goodeatsfanpage.com/Season8/EA1H10.htm,http://www.goodeatsfanpage.com/Season8/melon/melondrama.htm
EA1H13,Season8,http://www.goodeatsfanpage.com/Season8/EA1H13.htm,http://www.goodeatsfanpage.com/Season8/pudding/pudding_transcript.htm
EA1H14,Season8,http://www.goodeatsfanpage.com/Season8/EA1H14.htm,http://www.goodeatsfanpage.com/Season8/stuffing/stuffing_transcript.htm
EA1H06,Season8,http://www.goodeatsfanpage.com/Season8/EA1H06.htm,http://www.goodeatsfanpage.com/Season8/chocolate/chocolate_transcript.htm
EA1H08,Season8,http://www.goodeatsfanpage.com/Season8/EA1H08.htm,http://www.goodeatsfanpage.com/Season8/grits/true_grit_trans.htm
EA1H09,Season8,http://www.goodeatsfanpage.com/Season8/EA1H09.htm,http://www.goodeatsfanpage.com/Season8/cheese/saycheesetrans.htm
EA1H12,Season8,http://www.goodeatsfanpage.com/Season8/EA1H12.htm,http://www.goodeatsfanpage.com/Season8/soup/soup_trans.htm
EA1H11,Season8,http://www.goodeatsfanpage.com/Season8/EA1H11.htm,http://www.goodeatsfanpage.com/Season8/sandwich/sandwich_trans.htm
EA1H07,Season8,http://www.goodeatsfanpage.com/Season8/EA1H07.htm,http://www.goodeatsfanpage.com/Season8/chili/chili_trans.htm
EA1H05,Season8,http://www.goodeatsfanpage.com/Season8/EA1H05.htm,http://www.goodeatsfanpage.com/Season8/wonton/wonton_trans.htm
EA1H04,Season8,http://www.goodeatsfanpage.com/Season8/EA1H04.htm,http://www.goodeatsfanpage.com/Season8/doughnut/circle_of_life.htm
EA1H03,Season8,http://www.goodeatsfanpage.com/Season8/EA1H03.htm,http://www.goodeatsfanpage.com/Season8/flatmeat/flatmeat.htm
EA1H02,Season8,http://www.goodeatsfanpage.com/Season8/EA1H02.htm,http://www.goodeatsfanpage.com/Season8/oyster/shell_game.htm
EA1H01,Season8,http://www.goodeatsfanpage.com/Season8/EA1H01.htm,http://www.goodeatsfanpage.com/Season8/sauce/sauce_trans.htm
EA1G18,Season7,http://www.goodeatsfanpage.com/Season7/EA1G18.htm,http://www.goodeatsfanpage.com/Season7/Bananas/topbanana.htm
EASP03,Season7,http://www.goodeatsfanpage.com/Season7/EASP03.htm,http://www.goodeatsfanpage.com/Season7/Salt/salt.htm
EA1G17,Season7,http://www.goodeatsfanpage.com/Season7/EA1G17.htm,http://www.goodeatsfanpage.com/Season7/toast/toastmodern.htm
EA1G15,Season7,http://www.goodeatsfanpage.com/Season7/EA1G15.htm,http://www.goodeatsfanpage.com/Season7/Pie/i_pie_trans.htm
EA1G14,Season7,http://www.goodeatsfanpage.com/Season7/EA1G14.htm,http://www.goodeatsfanpage.com/Season7/Nuts/nut.htm
EA1G05,Season7,http://www.goodeatsfanpage.com/Season7/EA1G05.htm,http://www.goodeatsfanpage.com/Season7/Fudge/fudgefactor.htm
EA1G16,Season7,http://www.goodeatsfanpage.com/Season7/EA1G16.htm,http://www.goodeatsfanpage.com/Season7/ManFood/manfood.htm
EA1G20,Season7,http://www.goodeatsfanpage.com/Season7/EA1G20.htm,http://www.goodeatsfanpage.com/Season7/Spice/SpiceCapades.htm
EA1G19,Season7,http://www.goodeatsfanpage.com/Season7/EA1G19.htm,http://www.goodeatsfanpage.com/Season7/Herbs/HerbalPreservation.htm
EA1G12,Season7,http://www.goodeatsfanpage.com/Season7/EA1G12.htm,http://www.goodeatsfanpage.com/Season7/CookieII/CookieII.htm
EA1G02,Season7,http://www.goodeatsfanpage.com/Season7/EA1G02.htm,http://www.goodeatsfanpage.com/Season7/SweetPotato/SweetPotato.htm
EA1G13,Season7,http://www.goodeatsfanpage.com/Season7/EA1G13.htm,http://www.goodeatsfanpage.com/Season7/Treats/TreatsTrans.htm
EA1G07,Season7,http://www.goodeatsfanpage.com/Season7/EA1G07.htm,http://www.goodeatsfanpage.com/Season7/Grain/Grain.htm
EA1G08,Season7,http://www.goodeatsfanpage.com/Season7/EA1G08.htm,http://www.goodeatsfanpage.com/Season7/Pouch/Pouch.htm
EA1G10,Season7,http://www.goodeatsfanpage.com/Season7/EA1G10.htm,http://www.goodeatsfanpage.com/Season7/Steak2/Steak2.htm
EA1G09,Season7,http://www.goodeatsfanpage.com/Season7/EA1G09.htm,http://www.goodeatsfanpage.com/Season7/Sausage/SausageTrans.htm
EA1G11,Season7,http://www.goodeatsfanpage.com/Season7/EA1G11.htm,http://www.goodeatsfanpage.com/Season7/Stock/StockTrans.htm
EA1G06,Season7,http://www.goodeatsfanpage.com/Season7/EA1G06.htm,http://www.goodeatsfanpage.com/Season7/Muffin/MuffinTrans.htm
EA1G03,Season7,http://www.goodeatsfanpage.com/Season7/EA1G03.htm,http://www.goodeatsfanpage.com/Season7/Omelet/OmletteTrans.htm
EA1G04,Season7,http://www.goodeatsfanpage.com/Season7/EA1G04.htm,http://www.goodeatsfanpage.com/Season7/Q/QTrans.htm
EA1G01,Season7,http://www.goodeatsfanpage.com/Season7/EA1G01.htm,http://www.goodeatsfanpage.com/Season7/Crab/Crabs.htm
EA1F17,Season6,http://www.goodeatsfanpage.com/Season6/EA1F17.htm,http://www.goodeatsfanpage.com/Season6/RolledMeat/RolledMeatTrans.htm
EA1F16,Season6,http://www.goodeatsfanpage.com/Season6/EA1F16.htm,http://www.goodeatsfanpage.com/Season6/Beets/BeetTrans.htm
EA1F14,Season6,http://www.goodeatsfanpage.com/Season6/EA1F14.htm,http://www.goodeatsfanpage.com/Season6/Icing/IcingTrans.htm
EA1F13,Season6,http://www.goodeatsfanpage.com/Season6/EA1F13.htm,http://www.goodeatsfanpage.com/Season6/Cake/CakeTranscript.htm
EA1F12,Season6,http://www.goodeatsfanpage.com/Season6/EA1F12.htm,http://www.goodeatsfanpage.com/Season6/Slaw/SlawTrans.htm
EA1F15,Season6,http://www.goodeatsfanpage.com/Season6/EA1F15.htm,http://www.goodeatsfanpage.com/Season6/Noodle2/NoodleIITrans.htm
EA1F11,Season6,http://www.goodeatsfanpage.com/Season6/EA1F11.htm,http://www.goodeatsfanpage.com/Season6/Casserole/CasseroleTrans.htm
EA1F09,Season6,http://www.goodeatsfanpage.com/Season6/EA1F09.htm,http://www.goodeatsfanpage.com/Season6/Choux/ChouxTrans.htm
EA1F07,Season6,http://www.goodeatsfanpage.com/Season6/EA1F07.htm,http://www.goodeatsfanpage.com/Season6/Chops/Chops.htm
EA1F08,Season6,http://www.goodeatsfanpage.com/Season6/EA1F08.htm,http://www.goodeatsfanpage.com/Season6/Dip/DipTrans.htm
EA1F10,Season6,http://www.goodeatsfanpage.com/Season6/EA1F10.htm,http://www.goodeatsfanpage.com/Season6/Beer/BeerTrans.htm
EA1F06,Season6,http://www.goodeatsfanpage.com/Season6/EA1F06.htm,http://www.goodeatsfanpage.com/Season6/Tomato2/Tomato2Trans.htm
EA1F05,Season6,http://www.goodeatsfanpage.com/Season6/EA1F05.htm,http://www.goodeatsfanpage.com/Season6/Souffle/SouffleTrans.htm
EA1F04,Season6,http://www.goodeatsfanpage.com/Season6/EA1F04.htm,http://www.goodeatsfanpage.com/Season6/Yogurt/YogurtTrans.htm
EASP02,Season6,http://www.goodeatsfanpage.com/Season6/EASP02.htm,http://www.goodeatsfanpage.com/Season6/DownOut/DownAndOut.htm
EA1F02,Season6,http://www.goodeatsfanpage.com/Season6/EA1F02.htm,http://www.goodeatsfanpage.com/Season6/Artichoke/ArtichokeTrans.htm
EA1F03,Season6,http://www.goodeatsfanpage.com/Season6/EA1F03.htm,http://www.goodeatsfanpage.com/Season6/Strawberry/StrawberryTrans.htm
EA1F01,Season6,http://www.goodeatsfanpage.com/Season6/EA1F01.htm,http://www.goodeatsfanpage.com/Season6/Tuna/TunaTranscript.htm
EA1E11,Season5,http://www.goodeatsfanpage.com/Season5/EA1E11.htm,http://www.goodeatsfanpage.com/Season5/Potato2/Potato2Transcript.htm
EA1E05,Season5,http://www.goodeatsfanpage.com/Season5/EA1E05.htm,http://www.goodeatsfanpage.com/Season5/Clam/ClamTranscript.htm
EA1E10,Season5,http://www.goodeatsfanpage.com/Season5/EA1E10.htm,http://www.goodeatsfanpage.com/Season5/CheeseII/CheeseIITranscript.htm
EA1E03,Season5,http://www.goodeatsfanpage.com/Season5/EA1E03.htm,http://www.goodeatsfanpage.com/Season5/Squash/SquashTranscript.htm
EA1E08,Season5,http://www.goodeatsfanpage.com/Season5/EA1E08.htm,http://www.goodeatsfanpage.com/Season5/ChocolateII/Chocolate2Transcript.htm
EA1E13,Season5,http://www.goodeatsfanpage.com/Season5/EA1E13.htm,http://www.goodeatsfanpage.com/Season5/Squid/SquidTranscript.htm
EA1E04,Season5,http://www.goodeatsfanpage.com/Season5/EA1E04.htm,http://www.goodeatsfanpage.com/Season5/Cheesecake/CheesecakeTranscript.htm
EA1E07,Season5,http://www.goodeatsfanpage.com/Season5/EA1E07.htm,http://www.goodeatsfanpage.com/Season5/Eggplant/EggplantTranscript.htm
EA1E12,Season5,http://www.goodeatsfanpage.com/Season5/EA1E12.htm,http://www.goodeatsfanpage.com/Season5/Bacon/BaconTranscript.htm
EA1E02a,Season5,http://www.goodeatsfanpage.com/Season5/EA1E02a.htm,http://www.goodeatsfanpage.com/Season5/Roast/RoastTranscript.htm
EA1E09,Season5,http://www.goodeatsfanpage.com/Season5/EA1E09.htm,http://www.goodeatsfanpage.com/Season5/Crepe/CrepeTranscript.htm
EA1E06,Season5,http://www.goodeatsfanpage.com/Season5/EA1E06.htm,http://www.goodeatsfanpage.com/Season5/Oat/OatTranscript.htm
EA1E01,Season5,http://www.goodeatsfanpage.com/Season5/EA1E01.htm,http://www.goodeatsfanpage.com/Season5/Gelatin/GelatinTranscript.htm
EA1D01,Season4,http://www.goodeatsfanpage.com/Season4/EA1D01.htm,http://www.goodeatsfanpage.com/Season4/Chile/ChileTranscript.htm
EA1D04,Season4,http://www.goodeatsfanpage.com/Season4/EA1D04.htm,http://www.goodeatsfanpage.com/Season4/Tea/TeaTranscript.htm
EA1D07,Season4,http://www.goodeatsfanpage.com/Season4/EA1D07.htm,http://www.goodeatsfanpage.com/Season4/Pastry/PastryTranscript.htm
EA1D10,Season4,http://www.goodeatsfanpage.com/Season4/EA1D10.htm,http://www.goodeatsfanpage.com/Season4/Mayo/MayonnaiseTranscript.htm
EA1D11,Season4,http://www.goodeatsfanpage.com/Season4/EA1D11.htm,http://www.goodeatsfanpage.com/Season4/Garlic/GarlicTranscript.htm
EA1D13,Season4,http://www.goodeatsfanpage.com/Season4/EA1D13.htm,http://www.goodeatsfanpage.com/Season4/Honey/HoneyTranscript.htm
EA1D12,Season4,http://www.goodeatsfanpage.com/Season4/EA1D12.htm,http://www.goodeatsfanpage.com/Season4/Chuck/ChuckTranscript.htm
EA1D08,Season4,http://www.goodeatsfanpage.com/Season4/EA1D08.htm,http://www.goodeatsfanpage.com/Season4/Cake/CakeTranscript.htm
EA1D06,Season4,http://www.goodeatsfanpage.com/Season4/EA1D06.htm,http://www.goodeatsfanpage.com/Season4/Ham/HamTranscript.htm
EA1D05,Season4,http://www.goodeatsfanpage.com/Season4/EA1D05.htm,http://www.goodeatsfanpage.com/Season4/Lobster/LobsterTranscript.htm
EA1D02,Season4,http://www.goodeatsfanpage.com/Season4/EA1D02.htm,http://www.goodeatsfanpage.com/Season4/ChickenII/FryHardIITranscript.htm
EA1D03,Season4,http://www.goodeatsfanpage.com/Season4/EA1D03.htm,http://www.goodeatsfanpage.com/Season4/Pressure/PressureTranscript.htm
EA1D09,Season4,http://www.goodeatsfanpage.com/Season4/EA1D09.htm,http://www.goodeatsfanpage.com/Season4/Salmon/SalmonTranscript.htm
EA1C06,Season3,http://www.goodeatsfanpage.com/Season3/EA1C06.htm,http://www.goodeatsfanpage.com/Season3/Lamb/LambTranscript.htm
EA1C10,Season3,http://www.goodeatsfanpage.com/Season3/EA1C10.htm,http://www.goodeatsfanpage.com/Season3/Cabbage/CabbageTranscript.htm
EA1C01,Season3,http://www.goodeatsfanpage.com/Season3/EA1C01.htm,http://www.goodeatsfanpage.com/Season3/Tofu/TofuTranscript.htm
EA1C13,Season3,http://www.goodeatsfanpage.com/Season3/EA1C13.htm,http://www.goodeatsfanpage.com/Season3/Poach/PoachTranscript.htm
EA1C12,Season3,http://www.goodeatsfanpage.com/Season3/EA1C12.htm,http://www.goodeatsfanpage.com/Season3/Beans/BeansTranscript.htm
EA1C11,Season3,http://www.goodeatsfanpage.com/Season3/EA1C11.htm,http://www.goodeatsfanpage.com/Season3/Pizza/PizzaTranscript.htm
EA1C08,Season3,http://www.goodeatsfanpage.com/Season3/EA1C08.htm,http://www.goodeatsfanpage.com/Season3/Butter/ButterTranscript.htm
EA1C09,Season3,http://www.goodeatsfanpage.com/Season3/EA1C09.htm,http://www.goodeatsfanpage.com/Season3/Pancakes/PancakesTranscript.htm
EA1C05,Season3,http://www.goodeatsfanpage.com/Season3/EA1C05.htm,http://www.goodeatsfanpage.com/Season3/Cookie/CookieTranscript.htm
EA1C14,Season3,http://www.goodeatsfanpage.com/Season3/EA1C14.htm,http://www.goodeatsfanpage.com/Season3/Turkey2/Turkey2Transcript.htm
EA1C04,Season3,http://www.goodeatsfanpage.com/Season3/EA1C04.htm,http://www.goodeatsfanpage.com/Season3/Duck/DuckTranscript.htm
EA1C03,Season3,http://www.goodeatsfanpage.com/Season3/EA1C03.htm,http://www.goodeatsfanpage.com/Season3/EggII/EggIITranscript.htm
EA1C02,Season3,http://www.goodeatsfanpage.com/Season3/EA1C02.htm,http://www.goodeatsfanpage.com/Season3/Mussel/MusselTranscript.htm
EA1C07,Season3,http://www.goodeatsfanpage.com/Season3/EA1C07.htm,http://www.goodeatsfanpage.com/Season3/Pickle/PickleTranscript.htm
EA1B09,Season2,http://www.goodeatsfanpage.com/Season2/EA1B09.htm,http://www.goodeatsfanpage.com/Season2/Corn/CornTranscript.htm
EA1B14,Season2,http://www.goodeatsfanpage.com/Season2/EA1B14.htm,http://www.goodeatsfanpage.com/Season2/Pork/PorkTranscript.htm
EA1B05,Season2,http://www.goodeatsfanpage.com/Season2/EA1B05.htm,http://www.goodeatsfanpage.com/Season2/Sugar/SugarTranscript.htm
EA1B12,Season2,http://www.goodeatsfanpage.com/Season2/EA1B12.htm,http://www.goodeatsfanpage.com/Season2/Tomato/TomatoTranscript.htm
EA1B06,Season2,http://www.goodeatsfanpage.com/Season2/EA1B06.htm,http://www.goodeatsfanpage.com/Season2/Jam/JamTranscript.htm
EA1B10,Season2,http://www.goodeatsfanpage.com/Season2/EA1B10.htm,http://www.goodeatsfanpage.com/Season2/Fry/FryTranscript.htm
EA1B11,Season2,http://www.goodeatsfanpage.com/Season2/EA1B11.htm,http://www.goodeatsfanpage.com/Season2/GroundMeat/GroundMeatTranscript.htm
EA1B08,Season2,http://www.goodeatsfanpage.com/Season2/EA1B08.htm,http://www.goodeatsfanpage.com/Season2/Coffee/CoffeeTranscript.htm
EA1B04,Season2,http://www.goodeatsfanpage.com/Season2/EA1B04.htm,http://www.goodeatsfanpage.com/Season2/Crust/CrustTranscript.htm
EA1B13,Season2,http://www.goodeatsfanpage.com/Season2/EA1B13.htm,http://www.goodeatsfanpage.com/Season2/Mushroom/MushroomTranscript.htm
EA1B07,Season2,http://www.goodeatsfanpage.com/Season2/EA1B07.htm,http://www.goodeatsfanpage.com/Season2/Shrimp/ShrimpTranscript.htm
EA1B03,Season2,http://www.goodeatsfanpage.com/Season2/EA1B03.htm,http://www.goodeatsfanpage.com/Season2/Apple/AppleTranscript.htm
EA1B02,Season2,http://www.goodeatsfanpage.com/Season2/EA1B02.htm,http://www.goodeatsfanpage.com/Season2/Cheese/CheeseTranscript.htm
EA1B01,Season2,http://www.goodeatsfanpage.com/Season2/EA1B01.htm,http://www.goodeatsfanpage.com/Season2/Cake/CakeTranscript.htm
EASP01,Season1,http://www.goodeatsfanpage.com/Season1/EASP01.htm,http://www.goodeatsfanpage.com/Season1/Turkey/TurkeyTranscript.htm
EA1A13,Season1,http://www.goodeatsfanpage.com/Season1/EA1A13.htm,http://www.goodeatsfanpage.com/Season1/Chocolate/ChocolateTranscript.htm
EA1A12,Season1,http://www.goodeatsfanpage.com/Season1/EA1A12.htm,http://www.goodeatsfanpage.com/Season1/Rice/RiceTranscript.htm
EA1A11,Season1,http://www.goodeatsfanpage.com/Season1/EA1A11.htm,http://www.goodeatsfanpage.com/Season1/Pasta/PastaTranscript.htm
EA1A10,Season1,http://www.goodeatsfanpage.com/Season1/EA1A10.htm,http://www.goodeatsfanpage.com/Season1/Fish/FishTranscript.htm
EA1A09,Season1,http://www.goodeatsfanpage.com/Season1/EA1A09.htm,http://www.goodeatsfanpage.com/Season1/Onion/OnionTranscript.htm
EA1A08,Season1,http://www.goodeatsfanpage.com/Season1/EA1A08.htm,http://www.goodeatsfanpage.com/Season1/Gravy/GravyTranscript.htm
EA1A07,Season1,http://www.goodeatsfanpage.com/Season1/EA1A07.htm,http://www.goodeatsfanpage.com/Season1/Dough/DoughTranscript.htm
EA1A06,Season1,http://www.goodeatsfanpage.com/Season1/EA1A06.htm,http://www.goodeatsfanpage.com/Season1/Churn/ChurnTranscript.htm
EA1A05,Season1,http://www.goodeatsfanpage.com/Season1/EA1A05.htm,http://www.goodeatsfanpage.com/Season1/Chicken/ChickenTranscript.htm
EA1A04,Season1,http://www.goodeatsfanpage.com/Season1/EA1A04.htm,http://www.goodeatsfanpage.com/Season1/Salad/SaladTranscript.htm
EA1A03,Season1,http://www.goodeatsfanpage.com/Season1/EA1A03.htm,http://www.goodeatsfanpage.com/Season1/Egg/EggTranscript.htm
EA1A02,Season1,http://www.goodeatsfanpage.com/Season1/EA1A02.htm,http://www.goodeatsfanpage.com/Season1/Potato/PotatoTranscript.htm
EA1A01,Season1,http://www.goodeatsfanpage.com/Season1/EA1A01.htm,http://www.goodeatsfanpage.com/Season1/Steak/SteakTranscript.htm
