Show #,Show No.,Title,Topics,Synopsis,Original Air Date,Transcript,Recipes
EASP08H,252nd,Turn On the Dark,Dark Chocolate,Join host Alton Brown for an hour long special revealing the secret power of dark chocolate. (foodnetwork.com),02.10.2011,Turn On the Dark,.
EASP07H,251th,Re-Romancing The Bird,"Thanksgiving, Turkeys, Thawing a Turkey, Dry Brine (Cure), Rubbed Sage, Golden Syrup, Starch","Many years after changing Thanksgiving history forever, Alton Brown and the Good Eats crew take one final shot at the biggest food holiday of the year. (foodnetwork.com)",11.20.2011,Re-Romancing The Bird,"1. Bourbon Pecan Pie 2. Butterflied, Dry Brined Roasted Turkey with Roasted Root Vegetable Panzanella 3. Turkey Giblet Gravy 4. Whipped Potatoes"
EASP06H,250th,Right On Q,,"Join Alton Brown for an hour-long journey into the world of home-made, tasty, smoked, pork. (foodnetwork.com)",08.06.2011,Right On Q,1. Barbecue St. Louis Pork Ribs 2. Barbecue Pork Butt
EA1422H,249th,Use Your Noodle V,"Asian Noodles, Asian Sauces, Amylose, Ramen Noodles","Host Alton Brown investigates the culinary possibilities of Asian Noodles. Dishes include ""ants climbing trees"". (foodnetowrk.com)",05.02.2011,Use Your Noodle V,1. Dan Dan Noodles 2. Ants in Trees 3. Thai Shrimp Spring Rolls
EA1421H,248th,Caul of the Flower,"Cauliflower, Curry, Pine Nuts",Host Alton Brown amends for having insulted the odd ball of the cabbage family: cauliflower (foodnetwork.com),04.25.2011,Caul of the Flower,1. Broiled Curried-flower 2. Cauliflower Say Cheese 3. Cauliflower Slaw
EA1420H,247th,Roll Call,"Dinner Rolls, Yeast, Straight Dough Method, Parker House Hotel, Joseph Gregor",Host Alton Brown harnesses the power of yeast to put classic rolls back onto the American dinner table. (foodnetwork.com),04.18.2010,Roll Call,1. Parker House Rolls 2. Butter Flake Rolls
EA1419H,246th,The Proof Is In The Bread Pudding,"Bread Pudding, Bread Stalling, Amylose, Half & Half",Host Alton Brown uses a scientific secret formula in an attempt to devise the definitive bread pudding. (foodnetwork.com),04.11.2010,The Proof Is In The Bread Pudding,1. Chocolate Bread Pudding 2. Spiced Bread Pudding
EA1418H,245th,"Waiter, There Is A Fish In My Soup","Bouillabaisse, Fennel, Rescasse","Bouillabaisse may be a scary name, but the soup it represents doesn't have to be. In fact, if you're willing to buy some decent fish and master a few basics, it can most definitely qualify as Good Eats. (foodnetwork.com)",04.04.2010,"Waiter, There's Fish In My Soup","1. Positively, Absolutely, Not Real Bouillabaisse"
EA1417H,244th,Use Your Noodle 4,"Lasagna, Crock Pot, Kugel","If lasagna (the noodle) is the most comforting ingredient of all time (and it is) then lasagna (the casserole) must be the most comforting dish of all time. Problem is, most American lasagnas deliver more consternation than comfort. Join host Alton Brown as he puts lasagna back in its place (foodnetwork.com)",03.28.2010,Use Your Noodle 4,1. Slow Cooker Lasagna 2. Lasagna Noodle Kugel
EA1415H,243rd,A Bird in the Pie is Worth Two in the Bush,"Chicken Pot Pie, Puff Pastry","Chicken Pot Pie is a medieval classic that's fallen into disrepair recently, due in large part to our willingness to let factories do the baking for us. Join host Alton Brown as he looks at three different ways to fix this sad state. (foodnetwork.com)",03.21.2010,A Bird in the Pie is Worth Two in the Bush,1. Medieval Game Hen Pot Pie 2. Individual Chicken Pot Pie with Puff Pastry 3. Chicken Biscuit Pot Pie
EA1416H,242nd,Devil of a Cake,"Devil's Food Cake, Dutch Process Cocoa, Red Food Coloring","Do you have to tangle with dark forces in order to create a quality Devil's Food Cake or its crimson kin, Red Velvet? Yes you do. And it's called cocoa powder. Join host Alton Brown as he reinvents the classics (foodnetwork.com)",03.14.2010,Devil of a Cake,1. Chocolate Frosting for Devil's Food Cake 2. Cream Cheese Frosting for Red Velvet Cake 3. Devil's Food Cake 4. Red Velvet Cake
EA1414H,241st,"Pantry Raid XIII, Destination Chickpea","Chickpea, Tahini, Marcus Tullius Cicero, Hilum, Pressure Cooker, Amino Acids, Sumac","International travel is a risky, uncomfortable, and expensive business these days but if you have dry chickpeas in your pantry, exotic destinations are easily reached from the comfort of your kitchen. Join host Alton Brown as he journeys to the near east with hummus and falafel (foodnetwork.com)",03.07.2011,"Pantry Raid XIII, Destination Chickpea",1) Falafel 2) Hummus For Real 3) Pressure Cooker Chickpeas 4) Roasted Chickpeas 5) Slow Cooking Chickpeas
EA1413H,240th,Egg Files 7,"Meringue, Eggs, Anna Pavlova","Join host Alton Brown as he delves into three classic meringue-based desserts, including Baked Alaska. (foodnetwork.com)",12.30.2010,Egg Files 7,1. Baked Alaska 2. Oeufs a la Neige 3. Pavlova
EA1412H,239th,American Classics 9,"Pumpkin, Pumpkin Pie, Cleaver, Vitamin A",Host Alton Brown delves into the Fall Classic taking it back to Plymouth and forward to the future. (foodtv.com),11.18.2010,American Classics 9,1. Pumpkin Pie 2. Pumpkin Puree 3. Whole Pumpkin Pie Soup
EA1411H,238th,Squash Court II,"Summer Squash, Mandoline, Three Sisters",Host Alton Brown deals deliciously with a surprising glut of summer squash (foodtv.com),11.04.2010,Squash Court II,1. Crookneck Squash Frittata 2. Frozen Summer Squash 3. Zucchini Ribbon Salad 4. Overstuffed Pattypan Squash
EA1410H,237th,All Hallows Eats,"Halloween Candy, Corn Syrup, Food Coloring, Carnuba Wax","Host Alton Brown decides to put the ""trick"" into his treats with three sinister twists on classic Halloween candies. (foodtv.com)",10.28.2010,All Hallows Eats,1. Atomic Apples 2. Candy Corn 3. Popcorn Balls
EA1409H,236th,Oat Cuisine II,"Oats, Cholesterol, HDL, LDL, Creaming Method",Host Alton Brown helps you get more oats in your diet with some very surprising culinary incarnations. (foodtv.com),10.14.2010,Oat Cuisine II,1. Oat Waffle 2. Refresco de Avena 3. Leftover Oatmeal Bread 4. The Oatiest Oatmeal Cookies Ever
EA1408H,235th,天麩羅 or in English Tempura*,"Tempura, Gluten","Host Alton Brown takes on the most mythic, magical, but often times monstrous form of frying known to modern man. (foodnetwork.com)",10.07.2010,Tempura,None given at FN.com
EA1407H,234th,American Classics VIII,"Tacos, Lard, Tilapia, Panela, Ground Sirloin","They may have been born in Mexico but today the taco is a concept as ""American"" as apple pie. Host Alton Brown seeks to refurbish 2 particularly tarnished variations on the theme. (foodnetwork.com)",07.08.2010,American Classics VIII,1) All American Beef Taco 2) Taco Potion #19 3) Fish Taco 4) Flour Tortillas 5) Crema
EA1406H,233th,Yes We Have No Banana Pudding,"Bananas, Banana Pudding, Banana Liqueur, Vanilla Wafers","Whether you like them cool and cream topped or warm with a crown of meringue, odds are if you're a banana pudding fan it's been a long time since you smiled. That's all about to change. (foodnetwork.com)",07.01.2010,Yes We Have No Banana Pudding,1) Vanilla Wafers 2) Baked Banana Pudding 3) Refrigerated Banana Pudding
EA1404H,235th,Flat is Beautiful V,"Artisanal Wood Fired Pizza, Yeast, Barley Syrup","Thin and crispy artisanal wood fired pizzas are nearly impossible to manage at home but with some sound science and a good grill, you can come close to perfection. (foodnetwork.com)",06.24.2010,Flat is Beautiful V,1) Grilled Pizza - Three Ways
EA1403H,231st,Little Big Lunch,"Eggs Benedict, English Muffin, Hollandaise, Poached Eggs","When it comes to brunch, Eggs Benedict is king. Problem is, it usually isn't good eats. Host Alton Brown tears down the dish and rebuilds from the ground up. (foodnetwork.com)",06.17.2010,Little Big Lunch,1) Eggs Benedict
EA1405H,230th,Spear of Influence & Age of Asparagus,"Asparagus, Tureen, Folate, Quark","Everything you never knew you wanted to know about procuring, preserving, and presenting the first vegetable of the season: asparagus. Buying, storing, and cooking are investigated as well as the science behind that...um...funny smell. (foodnetwork.com)",06.10.2010,Age of Asparagus,1) Roasted Asparagus 2) Asparagus Terrine 3) Steamed Asparagus
EA1402H,229th,Grillvs Domesticvs,"Chicken, Grilling, BBQ, Chicken Pieces, Brining","If you own a grill, sooner or later you're going to put some chicken on it...it's inevitable. And odds are good you won't be happy with the results, unless of course you watch this show. (foodnetwork.com)",06.03.2010,Grillvs Domesticvs,1) Ring of Fire Grilled Chicken
EA1401H,228th,Porterhouse Rules,"Porterhouse Steak, Dry aging, Steak terminology, Broilers",Learn everything you need to know about this legendary cut-o-cow to produce steak house standard results for a hundred bucks under steak house prices. (foodnetwork.com),05.27.2010,Porterhouse Rules,1) Dry Aged Chimney Porterhouse
EA1315H,227th,"It's a Pan, It's a Dish, It's Paella","Paella, Saffron, Spanish Rice",Host Alton Brown demystifies the Spanish pan and the rice dish it's famous for. (foodnetwork.com),04.29.2009,"It's a Pan, It's a Dish, It's Paella",1) Paella
EA1319H,226th,The Catfish Shall Rise Again,"Catfish, Ceviche","After confessing a long-lived love for catfish, host Alton Brown sets out to modernize its image. (foodnetwork.com)",04.08.2009,The Catfish Shall Rise Again,1) Catfish Ceviche 2) Catfish Soup 3) Southern Fried Catfish
EA1316H,226rd,Curry-ous,"Curry, Spice Trade, Masala, Tandoor, Skewer",Host Alton Brown attempts to set the record straight on the beloved English dish that made India famous. (foodnetwork.com),03.29.2010,Curry-ous,1) Lamb Tikka Masala
EA1318H,225th,American Classics 7,"Chicken and Dumplings, Pressure Cooker","Host Alton Brown takes on the classic American soup that divides the country, and his family. (foodnetwork.com)",03.22.2009,American Classics 7,1) Chicken and Rolled Dumplings 2) Chicken and Dropped Dumplings
EA1317H,224th,The Ballad of Salty and Sweet,"Salty Desserts, Tongue, Finishing Salts, Sugars",Host Alton Brown examines ways to super-charge desserts with salt. Bacon praline anyone? (foodnetwork.com),03.08.2009,The Ballad of Salty and Sweet,1) Dark Salty Caramels 2) Grapefruit Brûlée 3) Praline Bacon
EA1314H,222nd,Raising The Bar Again,"Cocktails, Bloody Mary, Margarita, Agave Plant, Vodka, Tequila,",Join AB as he deconstructs the Margarita and Bloody Mary and reconstructs them with a classic formula Good Eats style. (foodnetwork.com),01.25.2009,Raising The Bar Again,1) Margarita 2) Tomato Vodka 3) Bloody Mary
EA1313H,221st,Live and Let Diet,"Dieting, The 4 Lists, Calories, Energy, Breakfast, Soy Milk, Smoothie Blender, Avocado, Bristling, Sardines",AB explains how eating from 4 basic food groups helped him lose 50 lbs without going on a diet. (foodnetwork.com),01.04.2010,Live and Let Diet,1) Sherried Sardine Toast 2) Ginger Almonds 3) Buff Smoothie
EASP05H,220th,'Twas The Night Before Good Eats,"Wassail, Saint Nicholas, Crab Apples, Goose, Duck, Oysters",A dark holiday night finds Alton Brown visited by a series of culinary spirits which drive him to prepare long lost yuletide classics. (foodnetwork.com),11.30.2009,'Twas The Night Before Good Eats,Foodnetwork.com never provided recipes. Here's my copy from the transcript (below).1) Wassail 2) Roasted Duck with Oyster Dressing 3) Sugar Fairy Plums
EA1312H,219th,"The ""Proof"" Is In The Pudding","Alcohol In Cooking, Ethanol, Yeast, Grits, Fortified Wines","Host Alton Brown breaks into the liquor cabinet, not to concoct a drink but to examine the uses of alcohol in food preparation. (foodnetwork.com)",12.23.2009,"The ""Proof"" Is In The Pudding",1) Flaming Shrimp and Grits 2) Limoncello 3) Zabaglione
EA1307H,218th,Pantry Raid XII: Turning Japanese,"Katsuobushi, Dashi, Tofu, Umami, Miso, Soba Noodles","The ingredients for that beguiling Japanese concoction, miso soup, may seem a bit unusual until host Alton Brown demystifies them and explores the wonders of the Japanese pantry. (foodnetwork.com)",11.09.2009,Pantry Raid XII: Turning Japanese,1) Easy Tofu Dressing 2) Dashi 3) Miso Soup 4) Miso Honey Glazed Fish 5) Glazed Bonito Flakes 6) Tsuyu Sauce
EA1308H,217th,The Once and Future Fish,"Farm Raised Trout, Sustainability, Fish Farming, Lion Farming, Herring, Smoking","Concerned about the impact of over-fishing, host Alton Brown explores tasty and extremely sustainable farm-raised trout. (foodnetwork.com)",11.02.2009,The Once and Future Fish,1) Hot Smoked Trout 2) Rollmops 3) Escabeche of Trout
EA1309H,216th,American Classics V,"Pound Cake, Creaming Method, Butter, Cake Flour",The pound cake may have been born in Britain but host Alton Brown considers it to be an American classic. Join him as he explores the history and preparation of this delicious treat. (foodnetwork.com),10.26..2009,American Classics V,1) Pound Cake 2) Buttermilk Pound Cake
EA1310H,215th,Food Under the Influence,"Wine, Beer, Fermentation, Yeast, Red Wines, Corkscrews, Alcohol Content, Marinates","Most people think of beer and wine only as drinks, but host Alton Brown thinks outside the bottle as he uses them as key ingredients in several tasty dishes. (foodnetwork.com)",10.19.2009,Food Under the Influence,1) Beer Bread 2) Lamb Shoulder Chops with Red Wine
EA1311H,214th,Man Food 2,"Breakfast, Eggs Over Easy, Bacon, Hash Browns, Non Skillets, Coffee, Burr Coffee Grinder, Coffee Press","Host Alton Brown helps an average Joe overcome his kitchen phobias and whip up the classic breakfast of bacon, eggs and coffee. (foodnetworks.com)",10.12.2009,Another Man Food Show: Breakfast,1) Man Bacon 2) Man Coffee 3) Man Eggs 4) Man Hash Browns
EASP04H,213th,Good Eats Turns 10,"Interview with Alton Brown, Multitasking the Unitasker, Trivia Contest with Superfans, Pancake Cake","To celebrate Good Eats going double digits, Alton Brown and company put on a live variety show full of lively conversation, strange cooking devices, a trivia game show, a parade of guests, a live band, and one very strange birthday cake. (foodnetwork.com)",10.10.2009 at 10:00 pm,Good Eats Turns 10,--none--
EA1306,212th,Feeling Punchy,"Punch, Toddy, Cognac, Cognac Codes, Scotch","Despite its long and noble history, punch rarely receives the respect it deserves so host Alton Brown begins a quest to return the drink to its rightful culinary position. (foodnetwork.com)",06.22.2009,Feeling Punchy,1) Cape Fear Punch 2) Good Eats Company Punch 3) Hot Toddy
EA1305,211th,Undercover Veggies,"Parsnips, Alkalines, Quick Bread, Tunneling, Cold Sweetening",Alton explains how to sneak veggies into sweet treats. (foodnetwork.com),06.08.2009,Undercover Veggies,1) Parsnip Muffins 2) Pearsnip Sauce 3) Parsnip Crisps
EA1301H,210th,Tender Is The Pork,"Pork Tenderloin, Marinades, Silver Skin, Fire Chimney, Solublization, Napoleon Bonaparte, Arthur Wellesly, Capillary Action",Looking for an alternative to chicken? Host Alton Brown turns to the pork tenderloin as a delicious yet low fat substitute for the ubiquitous bird. (foodnetwork.com),05.26.2009,Tender Is The Pork,1) Grilled Pork Tenderloin 2) Pork Wellington
EA1304H,210th,American Classics 4,"Spaghetti, Meat Sauce, Ragu Alla Bolognese, Ellis Island, Garibaldi Lapolla, Hamburger Fat, Porcini Mushroom","Although usually considered an Italian dish, spaghetti with meat sauce proves to be an American classic as host Alton Brown explores its origins. (foodnetwork.com)",05.18.2009,American Classics 4,1) Meat Sauce with Spaghetti
EA1303H,208th,Tamale Never Dies,"Tamales, Mesa Harina, Serrano, Lard, Surgeons Knot, Robert Johnson","Quite possibly the original convenience food, tamales are ancient and delicious. Join host Alton Brown on an historical and tasty exploration of these tempting treats. (foodnetwork.com)",05.04.2009,Tamale Never Dies,1) Hot Tamales 2) Turkey Tamales
EA1302H,207th,Crustacean Nation 4,"Crawfish, Thomas Say, Cajun","Host Alton Brown explores a bayou staple, the delicious and sustainable alternative to lobster, the crawfish. (foodnetwork.com)",04.27.2009,Crustacean Nation 4,1) Crawfish Boil 2) Lobster Roll (not at FN's website)
EA1215,206th,Gills Gone Wild,"Salmon, Roy J. Plunkett, Salmon Spawning, Polytetrafluoroethylene, Oven Thermometers, Fish Spatula, Omega-3 Fatty Acid",Wild salmon can be a shock to the budget but host Alton Brown proves that it is worth every penny if properly and simply prepared. (foodnetwork.com),03.02.2009,Gills Gone Wild,1) Coho Salmon Fillets 2) Bi-Level King Salmon Fillet 3) Broiled Sockeye Salmon with Citrus Glaze
EA1214,205th,Pantry Raid X: Dark Side of the Cane,"Molasses, Brown Sugar, Sugar Cane, Pennsylvania Dutch, Alkaline Aqueous Solution, Sucrose, Fructose","Long before refined sugar, molasses was the sweetener of choice. Join host Alton Brown as he digs deep in the pantry to resurrect this historic and versatile syrup. (foodnetwork.com)",02.16.2009,Pantry Raid X: Dark Side of the Cane,1) Molasses Coffee Marinated Pork Chops 2) Shoo-Fly Pie 3) Boston Brown Bread 4) Homemade Dark Brown Sugar
EA1213,204th,Orange Aid,"Oranges, Powdered Sugar, Julius Freed, Levers, Kevlar Glove, Canning, Pectin, James Keiller, Sherbet","Oranges aren't just for juice any more as host Alton Brown explores their symphony of flavors to create a classic drink, a tasty topping and a creamy cold dessert. (foodnetwork.com)",02.02.2009,Orange Aid,1) Orange Marmalade 2) Orange Sherbet 3) Orange Delicious
EA1212,203rd,A Cabbage Sprouts in Brussels,"Brussels Sprouts, Sinigrin, Julianne","Reluctantly agreeing to help refurbish the reputation of Brussel sprouts, host Alton Brown discovers that with the proper preparation they can make a surprising range of good eats. (foodtnetwork.com)",01.26.2008,A Cabbage Sprouts in Brussels,1) Grilled Brussels Sprouts 2) Brussels Sprouts with Bacon and Cheese 3) Basic Brussels Sprouts 4) Brussels Sprouts with Pecans and Cranberries
EA1212,202nd,Rise of the Rhizome,"Ginger, Gingerbread Man, Rhizome, Gingerol, Vomitron","When a fairy tale figure seeks host Alton Brown s help in spicing up his personality, it leads to the exploration of that zesty rhizome ginger. (foodnetwork.com)",01.19.2008,Rise of the Rhizome,1) Candied Ginger 2) Ginger Snaps 3) Ginger Ale
EA1114,201st,Cran Opening,"Cranberries, Peg Leg John, Pectins, PAC, Proanthocyanidins, Granita,","Host Alton Brown takes us from the bog to the bar as he explores the many uses of that all-American super fruit, the cranberry. (foodnetwork.com)",12.08.2008 in the US 05.26.2008 (maybe) in Canada,Cran Opening,1) Fresh Cranberry Cosmo 2) Cranberry Granita 3) Cranberry Sauce
EA1210,200th,Switched on Baklava,"Baklava, Pistachios, Walnuts, Phyllo Dough, Cinnamon, Rose Water, Clarify Butter, Basting Brushes, Sugar",Phyllo dough can be finicky but host Alton Brown tames this difficult pastry to create that wonderfully layered dessert known ad baklava. (foodnetwork.com),12.01.2008,Switched on Baklava,1) Baklava
EA1209,"199th Note: If the cranberry episode, Cran Opening, had aired in the US during the same season as it was created, this would have been the 200th episode in the USA.",American Classics III: Creole in a Bowl,"Beans, Rice, Creole, Starch, Sugars, Pancreas, Carbohydrates","Join host Alton Brown as he explores the many historical and cultural influences that give us a New Orleans classic, Beans and Rice. (foodnetwork.com)",11.17.2008,American Classics III: Creole in a Bowl,1) Red Beans and Rice 2) Pickled Pork
EA1208,198th,Going Crackers,"Crackers, Baking Powder, Sylvester Graham, Graham Flour","Although some people believe that crackers only come from boxes, host Alton Brown proves that the humble cracker is vastly improved by a homemade approach. (foodnetwork.com)",11.10.2008,Going Crackers,1) Graham Crackers 2) Seedy Crisps 3) Lavash
EA1207,197th,Et Tu Mame,"Edamame, Magnetron, Samuel Bowen, Proteins, Amino Acids, Miso",That culinary chameleon the soy bean turns up as edamame when host Alton Brown takes it from the sushi bar and into the kitchen. (foodnetwork.com),11.03.2008,Et Tu Mame,1) Basic Edamame 2) Dry Roasted Edamame Brittle 3) Edamame Dip
EA1206,196th,"Oh My, Meat Pie","Meat Pies, Suet",Join host Alton Brown as he tells the tale of an ancestor's journey to the New World by way of a curious meat pie shop. He explores the origins and preparation of shepherd s pie and mincemeat. (foodnetwork.com),10.27.2008,"Oh My, Meat Pie",1) Shepherd's Pie 2) Mincemeat Pie
EA1201,195th,Frozen Cache,"Freezing Foods, Crystallization, Freezer Burn, Drip Loss, Enzymes, Vitamin C, Refrigeration Cycle, Thawing",Join host Alton Brown as he elevates the humble home freezer from its usual role as a dumping ground for leftovers and surplus into a powerhouse for proper food preservation. (foodnetwork.com),08.11.2008,Frozen Cache,1) Frozen Peaches 2) Frozen Green Peas
EA1205,194th,There Will Be Oil,"Oil, Hydrocarbon, Fatty Acids, Triglyceride, Monounsaturated, Polyunsaturated, Smoke Point, Oil Properties, Oil Extraction, Oil Press, Cold Press, Expeller,","Edible oils offer a wide range of flavors and qualities to confound any cook, so host Alton Brown untangles these potent hydrocarbons and puts them to good use in kitchen and car. (foodnetwork.com)",07.29.2008,There Will Be Oil,1) Vegetable Sauté 2) Fruity Oil Ice Cream 3) Potato Chips
EA1204,193rd,"Tuna, Surprise","Tuna, Skipjack, Albacore, Mercury, Nicholas Appert, Pierre Durand, Canning, Ventresca,",An animated icon visits host Alton Brown and challenges him to raise the bar on canned tuna beyond the usual casserole or tuna salad sandwich. (foodnetwork.com),07.07.2008,"Tuna, Surprise",1) Tuna Croquette 2) Tuna Dressing 3) Tuna Salad Undone
EA1203,192nd,Celeryman,"Celery, Celery Root, Crème Fraîche, Stick Blender, Wattage","Celery is not just for peanut butter anymore as host Alton Brown explores the only common plant that can be used as a vegetable, a starch, an herb and a spice. (foodnetwork.com)",06.23.2008,Celeryman,1) Braised Celery 2) Celery Remoulade 3) Celery Soda 4) Celeriac Puree
EA1202,191st,Popover Sometime,"Popovers, Steam, Flour, Pudding","Armed with one simple yet versatile recipe, host Alton Brown creates a variety of dishes from a breakfast treat to that dinner classic, Yorkshire pudding. (foodtv.com)",06.09.2008,Popover Sometime,1) Dutch Baby 2) Yorkshire Pudding with Roast 3) Basic Popover
EA1120,190th,Going Dutch,"Dutch Ovens, Camp Stove, Abraham Darby, Cast Iron, Curing/Seasoning Cast Iron",The power might be out but that doesn't stop host Alton Brown from breaking out the cast iron and using his hearth and his grill to whip up some very good eats. (foodnetwork.com),05.26.2008,Going Dutch,1) Knead Not Sourdough 2) Dutch Oven Cherry Clafoutis 3) Dutch Oven Hoecakes
EA1117,189th,"Honey, I Shrunk The Cake","Cupcakes, Cup Cakes, Standard Weights and Measures, Harry Baker, Chiffon Cake, Cream of Tartar, Potassium Bitartrate, Egg White Protein",Join host Alton Brown as he breaks the trend toward an overly sweet and fussy pastry and gets us back to the original chiffon cupcake that will make you feel like a kid again.,04. 28.2007,"Honey, I Shrunk the Cake",1) Chiffon Cupcakes 2) Chocolate Chiffon Cupcake
EA1118,188th,The Alton Crown Affair,"Crown Roast, Sheep, Lamb, Chine Bone, Frenching Lamb, String, Twine, Cord, Hank, Linen",Host Alton Brown proves that Crown Roast of Lamb can be a dish to shock and awe without needlessly intimidating any cook who attempts to prepare it. (foodnetwork.com),03.17.2008,The Alton Crown Affair,1) Crown Roast of Lamb
EA1116,187th,"If It Ain't Broccoli, Don't Fix It","Broccoli, Crisper Drawer, Vitamins, Dr. Kazimierz Funk, Taste Buds, Superfood",It may be the bane of children and presidents but broccoli is a nutritional superfood. Join host Alton Brown as he transforms broccoli from limp and bitter to crisp and delicious. (foodnetwork.com),02.18.2008,"If It Ain't Broccoli, Don't Fix It",1) Fresh Broccoli Salad 2) Pan Steamed Broccoli 3) Oven Roasted Broccoli
EA1115,186th,Apple Of My Pie,"Apple Pie, Apples, Pie Crust, Applejack, Ethyl Alcohol, Johnny Appleseed, Apple Slicer, Tart Pan, Pie Bird","An American classic is revisited when host Alton Brown makes everybody's favorite, apple pie. (foodnetwork.com)",02.04.2008,Apple Of My Pie,1) Super Apple Pie
EA1119,185th,The Wing and I,"Buffalo Wings, Wing Sauce, Chicken Origins, Airplane Flight, Red Junglefowl, Margarine, Hot Sauce Proliferation, Hoisin Sauce",The Wing's the thing as Alton Brown prepares America's most ubiquitous of bar foods: Buffalo chicken wings. (foodnetwork.com),01.30.2008,The Wing and I,1) Orange Glazed Chicken Wings 2) Buffalo Wings
EA1111,184th,American Slicer,"Knives, Knife Types, Parts of Knives, Cutting, Cutting Boards Cutting a: onion, garlic, bell pepper, jalapeño, and tomatoes",Join host Alton Brown as he explores what it takes to stay sharp in the kitchen and demystifies the relationship between the cook and his cutlery. (foodtv.com),01.07.2008,American Slicer,1) Gazpacho
EA1113,183th,Puff The Magic Mallow,"Marshmallows, Corn Syrup, Candy Stages, High Fructose Corn Syrup","From their swampy origins to modern machine molds, host Alton Brown shares the sweet, sticky science behind homemade marshmallow. (foodtv.com)",12.03.2007,Puff The Magic Mallow,1) Homemade Marshmallows 2) Ambrosia
EA1108,182th,Kinda Blue,"Blueberries, Frozen Pie, Buckle, Starch","Join host Alton Brown as he reveals the secret to turning this summer's superstar, the blueberry, into a year-round treat. (foodnewtork.com)",11.14.2007,Kinda Blue,1)Blueberry Buckle 2)Frozen Blueberry Pie 3)Blueberry Soda
EA1109,180th,Bean Stalker,"Green Beans, Campbell's Soup History, Fried Onions, Mandolins, Panko Breadcrumbs,","Join Food Network's intrepid host, Alton Brown, as he reinvents the classic green bean casserole just in time to save the holidays. (foodtv.com)",11.07.2007,Bean Stalker,1) Best Ever Green Bean Casserole
EA1112,180th,Peanut Gallery,"Peanuts, George Washington Carver,",Alton Brown needs to turn a handful of peanuts into some seriously good eats. (foodtv.com),10.15.2007,Peanut Gallery,1) Boiled Peanuts 2) Boiled Peanut Soup 3) Roasted Peanuts 4) Homemade Peanut Butter 5) Peanut Butter Pie
EA1110,179th,Dill-icous,"Cucumber, Pickles, Fermentation, Dill",Join host Alton Brown as he helps a humble cucumber fulfill its culinary destiny of becoming a pickle. (foodtv.com),10.08.2007,Dill-icious,1) Deep-Fried Pickles 2) Dill Pickles 3) Kookickles (Recipe from show below)
EA1103,178th,Stew Romance,"Beef Stew, Paparika, Goulash, Short Ribs, Chuck and Plate Primal, Stewing, Braising, Collagen, Elastin, Reticulin, Gelatin, Gristle, Maillard Reaction","If great stew, like great music, is a commingling of ingredients to create culinary harmony, why do so many stews taste less like beautiful music and more like a murky dirge? (foodnetwork.com)",08.13.2007,Stew Romance,1) Good Eats Beef Stew
EA1107,177th,Whithering Bites,"Dried Fruit, Dehydration, Fruit Water Percentage, Mummy Preparation, Homemade Fruit Dryers","Dried fruit may not be glamorous, but what it lacks in fashion it more than makes up for in flavor and versatility. (foodnetwork.com)",08.06.2007,Whithering Bites,1) Dried Fruit 2) Individual Fruit Compote Pies 3) Sweet Dried Fruit Compote 4) Trail Mix
EA1106,176th,Fishin' Whole,"Whole Fish, Stripped Bass, Trout, Smelt, Fish Scaling, Fish Muscles, Cooking Fish on Wood,","Scales, tails and eyes oh my! Who's afraid of whole fish? Not Alton Brown. Confront your fishy phobias head on with the fearless host as he roasts, planks and fries up a few good (whole) fish. (foodtv.com)",07.23.2007,Fishn' Whole,1) Pan-Fried Smelts 2) Plank Grilled Whole Trout 3) Whole Striped Bass
EA1105,175th,Sub Standards,"Food Substitutions: Baking Powder, Buttermilk, Peanut Butter, Flour Food Allergies, Miso, Tapioca Flour, Xanthan Gum","Whether filling in for your French teacher or your favorite spice, substitutes can be every bit as successful as the original. Join host Alton Brown and a handful of substitute chefs as they take on a few good recipes with one ingredient tied behind their backs. (foodtv.com)",07.16.2007,Sub Standards,1) The Chewy Gluten Free 2) Southern Biscuits 3) Faux Peanut Sauce
EA1104,174th,Coconut Cake Revival,"Coconut, Coconut Opening, Coconut Extract, Coconut Milk, Coconut Cream, Coconut Cake, Layer Cake",Is it possible to make great cake with coconut from a can? Should you even try? Host Alton Brown wants to know and he's willing to crack open as many nuts as it takes to make a slice of paradise on a plate. (foodtv.com),07.09.2007,Coconut Cake Revival,1) Coconut Cake with 7-Minute Frosting 2) Coconut Milk and Cream 3) Coconut Extract
EA1102,173rd,Pretzel Logic,"Pretzels, pH, Yeast, Lye, Mustard","The pretzel, once a delicious treat, has sadly been twisted into the edible equivalent of cardboard. Alton Brown recreates the traditional soft pretzel in all its crisp, chewy, golden brown glory. (foodtv.com)",06.20.2007,Pretzel Logic,1) Homemade Soft Pretzels 2) Homemade Hard Pretzels 3) Best Mustard Ever
EA1101,172nd,Milk Made,"Milk, Lactose, Evaporated Milk, Sweetened Condensed Milk, Homogenization, Pasteurization, Louis Pasteur, Cottage Cheese","Of all the edibles on earth, only milk exists solely to be food ... at least that's what Alton says. (foodtv.com)",06.06.2007,Milk Made,1) Quick Cottage Cheese 2) Dulce de Leche 3) Tres Leche Cake
EA1019,171th,American Classics I,"Spinach, Hard ""Cooked"" Eggs, Electric Kettle, Bacon, Vinegar, Mushrooms",Alton kicks off his investigation of the vast arena of American Classic dishes with the spinach salad. He examines the recipe ingredient by ingredient tracing the history of how each element became part of the traditional and tasty salad. (foodtv.com),04.18.2006,American Classics I,1) Spinach Salad with Warm Bacon Dressing
EA1018,169th,Espress Yourself,"Espresso, Espresso Machines, Coffee Roasts, Burr Grinders, Coffee Press","We could all use some education about true espresso. Join Alton Brown as he explains how the beans, the grind, the machine and the hand make up the essential components. (foodtv.com)",04.04.2006,Espress Yourself,--none--
EA1020,169th,Pickled Pink,Corn Beef,"Join Alton Brown as he makes a traditional corned beef to rival any deli serving originating in New York City. From selecting the proper cut of meat to pickling or ""corning"" it, Alton will serve two classic applications: corned beef and cabbage, and corned beef hash. (foodtv.com)",03.14.2006,Pickled Pink,1) Corned Beef 2) Corned Beef and Cabbage 3) Corned Beef Hash
EA1014,168th,Fruit Ten From Outer Space,"Pomegranates, Juicers, Arils","Join Alton Brown as he explores an alien fruit: the pomegranate. As he dissects this mysterious fruit, AB reveals a variety of applications for all of the pomegranate's juicy goodness and decides that regardless of being way weird, pomegranates are definitely good eats. (foodtv.com)",03.07.2006,Fruit Ten From Outer Space,1) Pomegranate Syrup or Molasses 2) Pomegranate Gelatin 3) Grilled Leg of Lamb with Pomegranate Molasses 4) Tequila Sunrise
EA1017,167th,Fowl Territory,"Cornish Game Hen, Safe Cooking Practices","Join AB as he shares his favorite weeknight meal, Cornish game hen, with an eye on food safety. From the grocery store to the leftovers, AB shows us how to shop, prep, cook and even grill while providing guidelines and tools for proper food handling and clean up. The reward? A couple of tasty versions of AB's Cornish game hen that are definitely safe eats. (foodnetwork.com)",02.21.2007,Fowl Territory,1) Grilled Curry Cornish Hens 2) Cornish Game Hen with Bacon and Onions
EA1016,166th,Bowl O' Bayou,Gumbo,"AB breaks down the whole concept of Gumbo, clarifies the differences between Cajun and Creole and explains the importance of the roux this classic dish. After numerous roux failures AB comes up with a foolproof method for making a brick (dark) roux and the perfect gumbo. (foodnetwork.com)",02.14.2007,Bowl O' Bayou,1) Shrimp Gumbo
EA1011,165th,Tortillas Again,"Tortillas, Leftovers","AB finds himself in a fix when a local cooking club pickets his house protesting the fact that he doesn't use enough leftovers. Luckily the Mother of Culinary Invention appears to illuminate the way to redemption. The target food: tortillas, and lots of them. A little experimentation later and the kitchen is full of lasagna, masa-tots and a serious platter of nachos. (foodnetwork.co)",01.31.2007,Tortillas Again,1) Enchilada Lasagna 2) Masa Tot 3) Ultimate Nachos
EA1015,164th,Pantry Raid VI: Lentils,"Lentils, Amino Acids, Protein, Grains of Paradise","Join host Alton Brown as he considers one of the oldest and most versatile players in the pantry, the lentil. Whether it's soup, salad or baked goods, the lentil has more to offer than fiber, minerals, and a steak's worth of protein, a basic nutrient that AB makes a thorough investigation of while the lentil cookies are cooling; yes, we said lentil cookies. (foodtv.com)",01.17.2007,Pantry Raid VI: Lentils,1) Lentil Cookies 2) Lentil Salad 3) Lentil Soup
EA1013,163th,Fry Turkey Fry,"Fried Turkey, Turkey Fryers","Whether or not the Pilgrims ate turkey at the first Thanksgiving is debatable, but one thing is not: if they'd had a propane tank and five gallons of hot oil they'd have deep-fried the turkey for sure. Alton Brown takes on the new American tradition of deep-frying the big bird in an effort to prevent future backyard disasters from flaring up. Along the way, he talks turkey flavor and texture to ensure that we all get the most out of our birds, without getting burned. (foodtv.com)",11.12.2006,Fry Turkey Fry,1) Deep-Fried Turkey
EA1012,162th,Major Pepper,"Pepper, Pepper Mills","If salt is a culinary superhero, does that make pepper its sidekick? Or is there more to the peppercorn than meets the eye? After all, most history books place pepper front and center in discussions of commerce, exploration, culture and cuisine. Join Alton Brown as he takes a closer look at the king of spices, goes in search of the perfect peppermill, and examines the peculiar (but delicious) properties of pepper's essential oils. (foodtv.com)",11.08.2006,Major Pepper,1) 4-Pepper Deviled Eggs 2) Black Pepper Mango Sorbet 3) Slow Cooker Pepper Pork Chops 4) Pepper Vodka
EA1010,161th,Pop Art,"Popcorn, Popcorn Salt, Salt Shaker","No foodstuff screams American ""pop"" culture as loudly as popcorn. So why is it that modern movie popcorn tastes more like butter-flavored packing material than actual corn? AB takes a trip to the past to uncover the origins of the tasty treat, reveals the best corn for the job, and leaves no kernel unpopped in his search for the perfect popper. (foodtv.com)",10.11.2006,Pop Art,1. Savory Herb Popcorn 2. Perfect Popcorn 3. Slacker Jacks
EA1009,160th,Squid Pro Quo II,"Calamari, Squid","In many restaurants, calamari has replaced onion rings as the deep-fried hors d'oeuvre du jour. So why is it that so many cooks fail when it comes to cooking calamari? Is it too many breadcrumbs or not enough batter? AB ships out aboard a squid research vessel in search of answers to this question and a few good appetizers. (foodtv.com)",10.04.2006,Squid Pro Quo II,1. Dry Fried Calamari 2. Wet Fried Calamari 3. Seaside Squid Salad 4. Squid Stuffed Squid
EA1008,159th,Okraphobia,"Okra, Okra's Slime, Frying, Canning, Pickling","Culinary superstars come in all shapes and sizes, but none is more misunderstood than the much-maligned Southern mystery known as okra. Is it a slimy seedpod or pan-fried powerhouse? Join Alton Brown as he explores this versatile veggie from the inside out, separates the ooze from the ""ahs,"" and turns a bad case of ""okraphobia"" into a craving for all things okra. (foodtv.com)",09.27.2006,Okraphobia,1) Okra and Tomatoes 2) Pickled Okra 3) Wet Fried Okra 4) Dry Fried Okra
EA1007,158th,Peachy Keen,Peaches,"Few fruits are as sweet, succulent or downright sexy as a peach. So why is it so hard to find a good peach at the grocery store? Alton Brown trades commercial convenience for farm-stand flavor and discovers what he's been missing. Perfect for pies, pastries or peel and eat, orchard fresh peaches are nothing short of a miracle and, come summertime, closer than you might think. (foodtv.com)",09.20.2006,Peach Keen,1) Grilled Peach Melba 2) Individual Peach Upside-Down Cake
EA0922,157th,Behind The Eats,"Good Eats Creation Process, Good Eats Crew Members, Answers to common Good Eats questions from fans","If you're a Good Eats fan, you've seen Alton do it all. Although hard to believe, he does have some help when it comes to creating each episode. Join us ""Behind the Eats"" as the Good Eats crew reveal their thrilling, compelling and sometimes hard to believe behind the scenes secrets. (foodtv.com)",07.29.2006,"Behind The Eats [Warning, Graphics Intensive]",--none--
EA1006,156th,Water Works II,"Water, Water Filters, Ice, Steam","In his second exploration of the only ingredient pumped directly into our homes, Alton Brown looks at water from the inside out with the help of a friendly water molecule. Along the way, he explains how water is scrubbed clean before it reaches our homes. (foodtv.com)",07.19.2006,Water Works II,--none--
EA1005,155th,Water Works I,"Water, Water Treatment, Bottles","Join Alton Brown as he heads upstream in search of the world's most important ingredient: water. Where does it come from, how is it made safe to drink and how does it get from the source to our kitchen sinks? (foodtv.com)",07.12.2006,Water Works I,--none--
EA1004,154th,Cubing A Round,Cubed Steak,"Cube steak: mysterious meat stuff or misunderstood marvel? Alton Brown makes good use of the only meat capable of being ""knitted"" together in an attempt to bring country cooking home again. The menu may say ""chicken-fried,"" but this is definitely a steak, a steak whose history and hearsay is as interesting as the end results are tasty. (foodtv.com)",06.21.2006,Cubing A Round,1) Chicken Fried Steak 2) Country Style Steak 3) Swiss Steak
EA1003,153rd,House of the Rising Bun,"Bread, Cinnamon, Cassia, Yeast, Tasting/Smelling","Aroma can make us hungry, recall a memory and even spark an emotion. But can it help sell a house? Alton Brown hopes to find out as he whips up several tasty breakfast breads in search of the secret scent of real estate success. Find out exactly what the nose knows, including the surprising source of most store-bought cinnamon. (foodtv.com)",06.07.2006,House of the Rising Bun,1) Overnight Citrus Ginger Ring 2) Overnight Cinnamon Rolls 3) Overnight Monkey Bread
EA1001,152nd,Just Barley,Barley,"Ancient though it may be, barley is no dino-seed when is comes to versatility in the modern kitchen. AB shows us how to grind our own grains and turn a handful of hulls into a meal even a caveman could love. (foodtv.com)",05.17.2006,Just Barley,1) Baked Barley 2) Barley Bread 3) Barley and Lamb Stew 4) Barley Salad 5) Barley Water
EA1002,151st,Tort(illa) Reform,Tortillas,Why is it that so few cooks make their own tortillas at home? AB hopes to reverse the trend by introducing the average gringo to the virtues of the flattest of flatbreads and the magic of an ancient ingredient called maize. (foodtv.com),05.03.2006,Tort(illa) Reform,1) Corn Tortillas 2) Lime Tortilla Chips
EA0921,150th,Olive Me,Olives,"Although small in stature, olives are huge in flavor not to mention that they've changed the course of human history and can change your cooking for the better. Alton will open your eyes to tasty options for olives other than languishing in your martini glass or on an antipasto plate. (foodtv.com)",04.19.2006,Olive Me,1) Citrus Marinated Olives 2) Tapenade 3) Olive Loaf
EA0916,149th,Shell Game IV,Scallops,"Tales of a monster scallop send Alton traveling to a small town in Maine to investigate. After meeting with the nervous locals, he sets sail with Capt. Squint upon his house boat, the Okra where he's forced to cook a whole lot of scallop dishes. The question is for whom? (foodtv.com)",04.05.2006,Shell Game IV,1) Seared Scallops 2) Scallops on the Half Shell 3) Scallop Mousse
EA0920,147th,Your Pad Thai or Mine,"Pad Thai, Woks, Thai food, Asian Market","When his trip to Thailand is cancelled at the last minute, Alton sets out to find the next best thing: food. Namely a proper Pad Thai. Learn the basics of a good stir fry and what to do with some out of the ordinary ingredients. (foodtv.com)",03.15.2006,Your Pad Thai or Mine,1) Pad Thai
EA0915,146th,Flat is Beautiful III,"Flounder and Sole, Fish Knives, Filleting a Fish","Although it's one of the most plentiful fish in the sea, the mild, fine textured flounder is usually relegated to the fry basket. Join Alton Brown as he fishes, filets, and feasts on a selection of dishes that wouldn't suit any other fishes. (foodtv.com)",2.22.2006,Flat is Beautiful III - Flounder,1) Baked Stuffed Flounder 2) Oil Poached Flounder 3) Flounder Fish Salad
EA0919,146th,Tender Is The Loin II,"Beef Tenderloin, Grilling Dynamics, Grill Pans, Carpaccio","Alton completes his strategy of getting your money's worth from the luxurious cut of meat known as beef tenderloin. We learn the legends and preparations of Carpaccio, Philly Cheese steak and the perfect Chateaubriand. (foodtv.com)",02.01.2006,Tender Is The Loin II,1) Center Cut Tenderloin Roast 2) Chain of Bull Cheese Steaks 3) Beef Carpaccio 4) Stuffed Tenderloin
EA0917,145th,Raising the Bar,"Cocktails, Ice, Rum, Bourbon, Gin","The cocktail is a truly American art form that few Americans know much about. Alton sets up the basics of a bar, contemplates ice as an ingredient and properly prepares the three classics that open the door to the world of cocktail mixology. (foodtv.com)",01.25.2006,Raising the Bar,1) Daiquiri 2) AB's Martini 3) Mint Julep
EA0918,144th,Tender Is The Loin I,Beef Tenderloin,"Beef tenderloin is one of the most luxurious cuts of critter known to man, expensive too. Alton investigates where this costly cut comes from, how to buy it and what to do to get your money's worth out of it. (foodtv.com)",01.18.2006,Tender Is The Loin I,1) Steak au Poivre
EA0914,143rd,My Pod,"Vanilla, Vanilla Extract, Vanilla Sugar, Torches","The word ""vanilla"" has come to mean ""bland, boring, commonplace"". Pretty strange when you consider that this rare pod grows on an orchid that can only be pollinated one day a year and contains more flavors and aroma compounds than you can shake a rolling pin at. Join host Alton Brown as he tries to put vanilla back on its pedestal. (foodtv.com)",01.11.2006,My Pod,1) Creme Brulee 2) Fruit Salad with Vanilla Dressing 3) Vanilla Poached Pears
EA0911,142nd,School of Hard Nogs,"Eggnog, Bourbon","Good Eats takes its first serious (sorta) look at the cocktail world by diving into this famed, holiday quaff. Learn the techniques that make it tick, what to do with the leftovers and take a peek into the tasty world of bourbon. (foodtv.com)",12.01.2005,School of Hard Nogs,1) Eggnog 2) Eggnog Ice Cream
EA0913,141st,A Pie in Every Pocket,Pocket Pies,"The standard lattice top apple pie may be an American icon, but it's not the best pie for a culture on the go. Join host Alton Brown as he looks into the past, future and present of the very handy ""pocket"" pie. As for fillings, how does curry mango, chocolate and beef stew grab you? (foodtv.com)",11.09.2005,A Pie in Every Pocket,1) Pocket Pies
EA0912,140th,Curious Yet Tasty Avocado Experiment,Avocados,"Although the avocado is best known for its staring roll in guacamole, this multifaceted culinary actor can also take on rolls usually played by eggs, butter, and even shortening. The results are delicious, healthy, and very green. (foodtv.com)",11.02.2005,Curious Yet Tasty Avocado Experiment,1) Avocado Compound Butter 2) Avocado Ice Cream 3) Avocado Buttercream Frosting
EA0910,139th,Great Balls of Meat,"Meatballs, Swedish Meatballs, Chafing Dishes","Meatballs, if everyone loves them so much, why are there so many lousy ones? Join host Alton Brown as he figures out how to build a better ball, puts a muffin pan to new uses and resuscitates that 60's party classic the Swedish meatball. (foodtv.com)",10.19.2005,Great Balls of Meat,1) Baked Meatballs 2) Swedish Meatballs
EA0909,138th,The Waffle Truth,"Waffles, Waffle Irons, Non-stick Sprays, Nike","Tired of sad, insipid toaster waffles and flavorless instant batters? Host Alton Brown sure is and he's going to do something about it. Learn how to build a better batter, pick the right iron and find out what waffles and church have in common. (foodtv.com)",10.12.2005,The Waffle Truth,1) Basic Waffle 2) Chocolate Waffle
EA0908,137th,Good Wine Gone Bad,"Vinegar, Orléans method, Balsamic Vinegar, White Vinegar Uses, Bottom Round",Join host Alton Brown as he dives deep into the pantry to investigate the many facets of vinegar. Learn the secrets of this ancient elixir (including how to make it from scratch) and some darned cleaver ways to get it into your food. (foodtv.com),09.21.2005,Good Wine Gone Bad,1) Grilled Romaine 2) Sauerbraten
EA0904,136th,Cobbled Together,"Cobbler, Crisp, Grunt, Rhubarb","After years of applying, AB is finally getting a shot to join the prestigious Institute for the Preservation of Culinary Heritage and Authenticity. All he has to do to get in is prepare a dessert for a special dinner. (foodtv.com)",08.24.2005,Cobbled Together,1) Rhubarb Peach Cobbler 2) Blackberry Grunt 3) Individual Berry Crisps
EA0907,135th,Wake Up Little Sushi,"Sushi, Sashimi, California Roll, Wasabi, Gari, Raw Fish","AB investigates the ins and outs of ordering, eating, shopping for and even making basic sushi. Plenty of history thrown in for good measure. Remember, in Sushi world nothing can go wrong? go wrong? go wrong. (foodtv.com)",08.03.2005,Wake Up Little Sushi,1) Sushi Rice 2) California Roll
EA0906,134th,Power Trip,"Energy Bar, Protein Bar, Rice Krispy Treat, Proteins, Fats, Carbohydrates, Amino Acids, Wheat Germ, Flax Seed Oil","AB looks at the nutritional challenges then concocts a protein bar, an ""energy"" bar, and a very healthy puffed rice treat that is also ""crispy"". (foodtv.com)",07.27.2005,Power Trip,1) Brown Rice Crispy Bar 2) Granola Bars 3) Protein Bars
EA0905,133rd,Churn Baby Churn 2,"Premium Ice Cream, Dishers, Extracts and Essential Oils","AB sets out to figure out how to make ice cream himself. After a visit from some federal ice cream agents and a little investigation of ingredients, AB cracks the code. (foodtv.com)",07.13.2005,Churn Baby Churn 2,1) Chocolate Ice Cream 2) Vanilla Ice Cream 3) Mint Chip Ice Cream
EA0901,132nd,Urban Preservation II,"Beef Jerky, Liquid Smoke, Preservation","AB takes a loving look at an ancient food for the new millennium: beef jerky. How to shop for it, make it with a window fan, and then how to actually cook with it as an ingredient. (foodtv.com)",06.29.2005,Urban Preservation II,1) Beef Jerky
EA0903,131st,Dis-Kabob-Ulated,"Shish Kabobs, Skewers","Does the kabob still have a roll to play in the modern culinary carnival? Sure it does. You just need the right ingredients, the right skewers, the right heat and the right mindset. (foodtv.com)",06.15.2005,Dis-Kabob-Ulated,1) Spicy Beef Kebabs 2) Vanilla Lime Pineapple Skewers
EA0902,130th,Give Peas a Chance,Peas,"AB is called to a normal, suburban house one night to ""treat"" a boy who, having been told that he can't leave the table until he eats his peas, hasn't left the table for a very long time. (foodtv.com)",06.01.2005,Give Peas a Chance,1) Green Peas with Cheese and Herbs 2) Split Pea Burgers 3) Curried Split Pea Soup
EA1H19,129th,Do the Rice Thing,"Risotto, Brown Rice, Rice Salad, Starch, Amylose, Amylopectic","To most Americans rice means long grain, white grains. But we're missing out on the marvels of short, medium and brown grains. Join host Alton Brown as he stirs up a risotto, makes a rice salad and delves deep into a mixed bag of starch. (foodtv.com)",05.04.2005,Do the Rice Thing,1) Baked Brown Rice 2) Brown Rice Salad 3) Wild Mushroom and Asparagus Risotto
EA1H20,128th,Field of Greens,"Kale, Mustard Greens, Collard Greens","Was your childhood eating plagued with plate-loads of slimy, foul-smelling leaves? Host Alton Brown shows how to turn fiend to friend when he takes on dark leafy green. Tune in and you might learn a thing or two about nutrition too. (foodtv.com)",04.20.2005,Field of Greens,1) Mustard Green Gratin 2) Pot O'Greens 3) Lemon Sesame Glazed Greens
EA1H17,126th,My Big Fat Greek Sandwich,"Gyros, Rotisseries on Grills, Tzatziki Sauce, Ground Lamb, Grill Heating","The gyro may just be the perfect sandwich. Too bad you can't make one at home ... or can you? Join host Alton Brown as he tackles rotisseries, tzatziki sauce and a pile of broken plates. (foodtv.com)",04.06.2005,My Big Fat Greek Sandwich,1) Gyro Meat with Tzatziki Sauce
EA1H15,127th,Dr. Strangeloaf,Bread,If bread really is the staff of life then isn't it time to take your life into your own hands? Alton Brown thinks so and wants to arm you with the know how you'll knead (get it) to produce your own rustic loaves. (foodtv.com),03.16.2005,Dr. Strangeloaf,1) Very Basic Bread
EA1H21,124th,Sprung A Leek,Leeks,"Host Alton Brown ponders the leek, the lesser-known member of the Allium family which it turns, can do anything its siblings can do, only better. Don't believe it? Try these onion rings. (foodtv.com)",03.02.2005,Sprung A Leek,1) Grilled Braised Leeks 2) Leek Rings 3) Leek Potato Soup
EA1H16,119th,A Taproot Orange,Carrots,"They're long, they're orange and they're everywhere, but do we ever really think about carrots? Host Alton Brown does? A lot. Join him as he concocts everything from salads to cakes and explains the whole carrot/vision thing. (foodtv.com)",2.16.2005,A Taproot Orange,1) Carrot Slaw 2) Glazed Carrots 3) Carrot Cake
EA1H18,123rd,Cuckoo for Coq Au Vin,"Roosters, Wine Components, Salt Pork, Pearl Onions, Fricassee","Can a fussy French fricassee fit a modern American lifestyle? Sure. All it takes is a chicken, a couple bottles of wine and a little know-how. The fussy French part is purely optional. (foodtv.com)",02.02.2005,Cuckoo for Coq Au Vin,1) Coq au Vin
EA1H22,122nd,Myth Smashers,"Myths, Searing Meat, Oil in Pasta, Washing Mushroom, Exploding water in the Microwave","Sure, cooking is full of rules, sayings, and axioms but do they all hold water? Join host Alton Brown as he sears meat, washes mushrooms, oils the pasta water and tries to blow-up water. (foodtv.com)",01.19.2005,Myth Smashers,"--none, 1st show with no recipes--"
EA1H10,121st,Melondrama,"Melon Selection, Musk Melon, Cantaloupe, Watermelon, Sorbet, Ice Crystals",Fruit can be tricky stuff and that goes double for melons. Shrouded in mystery and misconception it's true potential is rarely tapped. Join host Alton Brown as he attempts to demystify one of the most complex and promising fruits around. (foodtv.com),01.05.2005,Melondrama,1) Hot Melon Salad2) Melon Sorbet
EA1H13,120th,Puddin' Head Blues,"Pudding, Zesters, Tapioca, Cardamom, Strach","In an effort to pay off the IRS, host Alton Brown decides to enter a pudding recipe contest being held by the TV pudding queen: Auntie Pudding. Tapioca, rice and a tasty instant chocolate pudding are in the offering. (foodtv.com)",12.01.2004,Puddin' Head Blues,1) Indian Rice Pudding 2) Tapioca Pudding 3) Instant Chocolate Pudding Mix 4) Chocolate Pudding
EA1H14,119th,Stuff It,"Stuffing, Stuffing Bags","AB's gone on record as saying the stuff is evil and yet, hundreds of protest letters have him rethinking his position. Can a stuffing be designed that's good for diner and bird alike? Maybe? If a proper model can be found. (foodtv.com)",11.14.2004,Stuff It,1) Stuffed Squash2) Turkey with Stuffing
EA1H06,118th,Art of Darkness III,"Ganache, Truffles",What could possibly be more chocolaty than chocolate? Join host Alton Brown as for his third journey into the world of chocolate...a journey that leads from a simple frosting to the heart of truffles and eventually to home made fudgesicles. (foodtv.com),10.27.2004,Art of Darkness III,1) Chocolate Truffles2) Ganache Frosting3) Good Eats Fudgepops
EA1H08,117th,True Grits,"Grits, Polenta, Cornmeal, Cornmeal Cake","Whether you're cooking up a mess of grits or a pot of polenta cornmeal may just be the most powerful player in the pantry. Join host Alton Brown as he battles with cultural claims, doses up some science and cranks out an upside-down cake with a twist. (foodtv.com)",11.03.2004,True Grits,1) Cheese Grits 2) Savory Polenta 3) Pineapple Upside-Down Cornmeal Cake
EA1H09,116th,Say Cheese,"Cheese, Cheese Types, Pasteurization, Cheese Tools, Storage, Cheese Service, Lactose","Join host Alton Brown for a collection of short films about his favorite food: cheese. Learn about everything from pasteurization to pairing, Lactose to graters. Learn how to make cheese into soup, crackers, and a spread to end all spreads. (foodtv.com)",10.17.2004,Say Cheese,1) Cheese Soup 2) Fromage Fort 3) Parmesan Crisps
EA1H12,115th,Soup's On,"Soup, Pots, Learning to use a knife, Produce selection, Tips for cooking with children, Cold soup",A good soup is like a cooking school in a bowl and class is in session for host Alton Brown's nephew Elton. Join the two as they work together to craft an old classic and (perhaps) a new one.,10.03.2004,Soup's On,1) Garden Vegetable Soup 2) Grape Gazpacho
EA1H11,114th,SandwichCraft,"Sandwiches, Sandwich Press, Earl of Sandwich, Bread, Sandwich Construction, Panini","To some it's a couple of pieces of bread with something shoved between. To others, a sandwich is a sublime balance of flavor and texture born as much of technique as ingredient. Alton Brown and his nephew Elton dose up a little Sandwich-craft.",10.03.2004,SandwichCraft,1) Cuban Sandwich 2) Pan Bagnat 3) Roasted Vegetable Spread
EA1H07,113th,The Big Chili,"Chili, Chile, Chili Powder, Pressure Cookers","Join Host and cowpoke Gerald P Hobbs [sic, later changed to Grumpy Gus] (Alton Brown) and his sidekick Rusty as they rustle up a good, honest bowl of red. Along the way, they'll ponder the chili mythology, grind up their own chili powder (that's chili with an ""i"") and do some serious work under pressure.",08.18.2004,The Big Chili,1) AB's Chili Powder2) Pressure Cooker Chili
EA1H05,112th,Wonton Ways,"Wontons, Pot Stickers, Steamers, Ginger",The humble wonton skin may look exotic but it's also the most versatile pasta you can invite into your kitchen. Join Alton Brown as he stuffs and folds and fries and steams and bakes up a mess of good eats out of this Chinese restaurant standard. (foodtv.com),08.04.2004,Wonton Ways,1) Perfect Potstickers2) Vegetarian Steamed Dumplings3) Pear Walnut Wontons
EA1H04,111th,Circle of Life,Doughnuts,Everybody loves donuts but nobody seems to make their own ... until now. Join host Alton Brown as he delves into this country's favorite pastry. Not only will you learn how to make your own you'll find out how the donut really got its hole. (foodtv.com),07.21.2004,Circle of Life,1) Yeast Doughnuts2) Doughnut Glaze3) Chocolate Doughnut Glaze
EA1H03,110th,Flat is Beautiful II,"Chicken Kiev, Turkey Piccata, Carpaccio, Mallets","These days we're all looking for ways to make more out of less. Alton Brown's favorite strategy: flatten meats wafer thin and cover them with flavor. New looks at old classics like Chicken Kiev, Turkey Piccata and Carpaccio. (foodtv.com)",07.07.2004,Flat is Beautiful II,1) Beef Paillard2) Chicken Kiev3) Turkey Piccata
EA1H02,108th,Shell Game,"Oysters, Bivalves, Lever, Horseradish, Vibro vulnificus, Sweat,","Oysters are a mystery to many and downright spooky to some. Join host Alton Brown as he unravels the secrets of this bivalve, cracks a safe or two and reinvents classic applications like oysters ""Rock-A-Fella.""",06.23.2004,Shell Game,1) Baked Oysters Brownefeller2) Horseradish Cream Sauce3) Oyster Soup
EA1H01,108th,Hittin' The Sauce,"Sauce, Hollandaise, Starch, Arrowroot, Thermos Insulation, Emulsifier","With a few simple tools and some basic chemistry, host Alton Brown simplifies the most common sauce quandaries. Throw away your boxed preparations and find how simple it is to create an elegant hollandaise and peppercorn sauce for your favorite steak. (foodtv.com)",06.16.2004,Hittin' The Sauce,1) Strip Steak with Pepper Cream Sauce 2) Hollandaise
EA1G18,107th,Top Banana,"Banana, Plantains, Banana Ice Cream, Bananas Foster","There's a lot more under that peel than most folks think. Learn more about the many varieties available in the US and how they like to be handled. Take a side trip through plantains, learn how to make an amazingly fast banana bread and classic Bananas Foster...with fire and everything. (foodtv.com)",05.19.2003,Top Banana,1) Banana Ice Cream2) Banana's Foster3) Fried Plantains
EASP03,106th,Eat This Rock!,Salt,"Host Alton Brown takes an hour long and loving look at the only rock we eat: salt. Learn what it is, where it comes from, how it makes everything taste better, and how to apply it in some unusually delicious ways.",05.02.2003,Eats This Rock!,1) Beef Tenderloin in Salt Crust 2) Perfect Fingerling Potatoes 3) Salt Roasted Shrimp 4) Sauerkraut
EA1G17,105th,Toast Modern,"Toast, Bruschetta, French Toast, Welsh Rarebit (a.k.a. Welsh Rabbit), Croutons, Toasters, Toaster Ovens","Some of the world's greatest dishes ... Bruschetta, French Toast, Welsh Rabbit to better croutons to your basic breakfast shingle, toast is an example of good eats that could usually be a whole lot better. (foodtv.com)",04.14.2003,Toast Modern,1) French Toast2) Bruschetta3) Welsh Rarebit
EA1G15,104th,I Pie,"Lemon Meringue Pie, Pie Crust, Lemons, Meringue",Alton Brown goes undercover for an in depth look at lemon meringue pie.,03.03.2004,I Pie,1) Lemon Meringue Pie2) Pie Crust
EA1G14,103rd,Sometimes You Feel Like A ...,"Nuts, Cashews, Macadamia Nuts","Whether they're the main ingredient or a supporting player, nuts have needs, special needs if we're going to get the most out of them. Learn better ways to store, cook and cook with a variety of nuts, which turn out to be as good for you as they taste. (foodtv.com)",02.25.2004,Sometimes You Feel Like A ...,1) Cashew Sauce 2) Pistachio Mixed Herb Pesto3) Pistachio Fruit Balls4) Macadamia Nut Crusted Mahi Mahi5) Macadamia Nut Crust
EA1G05,102nd,Fudge Factor,"Fudge, Digital Thermometer, Candy Stages, Crystals",It turns out the secret to producing the archetypal American candy doesn't lie in the power of chocolate but in the power of crystals. Host Alton Brown helps you to grow your own. (foodtv.com),02.11.2004,Fudge Factor,1) Chocolate Fudge2) Peanut Butter Fudge
EA1G16,101st,The Man Food Show,"Corn Dogs, Mini Burgers, Deep Fryers","Just in time for the big game, a show all about food best consumed in a lazy-boy: real, honest to goodness corn dogs and basket burgers (those little single bite burgers that are so darned good). (foodtv.com)",01.28.2004,The Man Food Show,1) Corn Dogs2) Mini Man Burgers
EA1G20,100th,Spice Capades,"Spices, Spice Grinder, Mortar and Pestle","A primer for buying, storing, mixing and matching, cooking and eating spices. Find the best tools for grinding them, learn what they are, where they come from and how they shaped the modern world. (Foodtv.com)",01.14.2003,Spice Capades,1) Broiled Salmon with AB's Spice Pomade2) Vegetable Curry3) Curry Powder Blend4) Dried Pear and Fig Compote
EA1G19,99th,Herbal Preservation,Herbs,"Where ""Spice Trade"" took on the seeds, bark, berries and fruits we grind onto our foods, this show focuses on the wide range of greenery that can add depth and dimension that make Good Eats better. Plus, learn how to set up your own container herb garden. (foodtv.com)",01.07.2004,Herbal Preservation,1) Tarragon Chive Vinegar2) Parsley Salad
EA1G12,98th,The Cookie Clause,"Cookie, Frosting, Cookie Cutters, Food Colorings","Santa Claus is coming to town, and unless Alton Brown can bake up the perfect holiday cookie he's going to find himself on the wrong end of the big guy's list. Join AB for an evening of cookie baking basics, frosting food science, and maybe a little reindeer wrangling. (foodtv.com)",12.04.2003,The Cookie Clause,1) Sugar Cookies 2) Royal Icing 3) Chocolate Peppermint Pinwheel Cookies
EA1G02,99th,"Potato, My Sweet","Sweet Potato, Waffle Irons","Long typecast as a character actor on the culinary stage, this longsuffering root is finally ready for a star role, and it's not in Silence of the Yams. (foodtv.com)",11.12.2003,"Potato, My Sweet",1) Sweet Potato Waffles2) Sweet Potato Pie3) Chipotle Smashed Sweet Potatoes
EA1G13,96th,The Trick to Treats,"Taffy, Lemon Drops, Brittle","Despite the fact that Americans spend billions a year on manufactured treats, truth is, great candy starts in the home. Join host Alton Brown as he explains the trick to treats like taffy, brittles, and jellies. (foodtv.com)",10.26.2003,The Trick to Teats,1) Chocolate Taffy 2) Acid Jellies 3) Peanut Brittle
EA1G07,95th,Ill Gotten Grains,"Wheat, Francis Anderson, Tapenade, Couscous","Wheat berries, bulgur, and couscous aren't your usual wheaty fare but then you don't see a lot of food shows featuring amnesia or kidnapping either. (foodtv.com)",10.08.2003,Ill Gotten Grains,1) Bulgur Gazpacho2) Wheat Berry Tapenade3) Mushroom Wheat Berry Pilaf4) Steamed Couscous5) Basic Cooked Wheat Berries6) Cherry Couscous Pudding
EA1G08,94th,The Pouch Principal,"Pouch cooking, Vermouth",Living fast often means getting your food from a bag. Host Alton Brown doesn't see anything wrong with that as long as the bag comes out of your oven or microwave. Pouch cookery may have ancient origins but it may just be the key to your future food. (foodtv.com),09.13.2003,The Pouch Principal,1) Ramen Shrimp Pouch 2) Red Snapper en Papillote 3) Salmon Fillet en Papillote with Julienne Vegetable 4) Stone Fruit Pouches 5) Vanilla Sugar
EA1G10,93th,Raising The Steaks,"Skirt Steak, Sirloin Steak, Grilling on Charcoals, Broilers, Fajitas, Meat Grain & Cutting, Papain, Marinade vs. Brine",Host Alton Brown returns to the scene of episode #1 to re-think the great American steak. Do you have to lay out a bunch of presidents just to eat like one? Not if you know where to steer on a steer. (foodtv.com),09.10.2003,Raising The Steaks,1) Sirloin Steak2) Skirt Steak
EA1G09,92nd,A Beautiful Grind,"Sausage, Casing, Sausage Grinder, Fennel, National Food","Host Alton Brown thinks that sausage should be our national dish. Never made your own? Once you know how easy it is, you will. Take a look at grinders, the perfect hunk of pork and the longest piece of protein in the world. (foodtv.com)",08.20.2003,A Beautiful Grind,1.) Breakfast Sausage 2.) Italian Sausage
EA1G11,91st,True Brew IV: Take Stock,Chicken Stock,"Some folks may think of home made stocks as culinary anachronisms, but host Alton Brown thinks they're the best edible investment in town. Follow him as he buys the perfect stock pot and brews up some chickeney goodness spiced up with a tasty jolt of science and major dose of practical advice. (foodtv.com)",08.06.2003,True Brew IV: Take Stock,1) Chicken Stock2) Chicken Noodle Soup
EA1G06,90th,The Muffin Method Man,Muffins,"America's favorite breakfast bread moved out of the home kitchen long ago. With the help of some sound science and an incarcerated brother, host Alton Brown plans to change all that. (foodtv.com)",07.23.2003,The Muffin Method Man,1.) Blueberry Muffins 2.) English Muffins
EA1G03,89th,The Egg Files VI: French Flop,"Omelet, Teflon Skillets, Spatulas, Frittata",Host Alton Brown gets Zen with the simply delicious yet simply misunderstood king of egg applications. (foodtv.com),07.09.2003,The Egg File VI: French Flop,1) Omelet 2) Omelet for a Crowd 3) Frittata
EA1G04,88th,Q,"Barbeque, Smoker","Host Alton Brown thinks he's cracked the code to true 'cue: brined pork, a flower pot, a trashcan, hardwood smoke and a lot of patience. (foodtv.com)",06.11.2003,Q,1) Pulled Pork
EA1G01,87th,Crustacean Nation III: Feeling Crabby,Crabs,"What do you do when your live crab runs away from home? If you're Alton Brown you turn to frozen legs and other packaged products. A cop out? Nope, good eats. (foodtv.com)",05.25.2003,Crustacean Nation III: Feeling Crabby,1) Steamed Alaskan King Crab Claws 2) Ghee 3) Crab Cakes or Fritters 4) Marinated Crab Salad
EA1F17,86TH,Fit To Be Tied,"Roulades, Savory Rolls","Since childhood, host Alton Brown's had a soft spot in his appetite for roulades, savory rolls of meaty goodness that look hard ... but aren't ... as long as you've got science on your side. (foodtv.com)",03.19.2003,Fit To Be Tied,1) Fish Roll with Compound Butter 2) Braciole
EA1F16,85TH,Beet It,Beets,"Long feared by baby boomers accustomed to being accosted by noxious red wedges, beets are good eats, or so says host Alton Brown who suggests one approach the ruby roots with an open mind and a good pair of gloves. (foodtv.com)",03.05.2003,Beet It,1) Beet Green Gratin 2) Glazed Baby Beets 3) Pickled Beets
EA1F14,84TH,The Icing Man Commeth,Cake Icing (Frosting),"Cake is dandy but let's face it, without frosting it's just sweet bread (not sweetbreads). Host Alton Brown builds a better butter cream then builds a layer cake from ground up ... with tools from his local hardware. (foodtv.com)",02.19.2003,The Icing Man Commeth,1) Buttercream 2) Ganache 3) Writing Chocolate
EA1F13,83RD,A Cake On Every Plate,Yellow Cake,Host Alton Brown finds a challenge in his mail box: decipher a deceased family baker's famous yellow cake. (foodtv.com),02.05.2003,A Cake On Every Plate,1) Gold Cake 2) Cocoa Whipped Cream
EA1F12,82ND,Salad Daze II: The Long Arm Of The Slaw,"Coleslaw, Cabbage",Alton Brown's slaw-centric guest slot on a popular morning talk show turns into a strange and wonderful half hour of good eats. (foodtv.com),01.29.2003,Salad Daze II: The Long Arm of the Slaw,1) Coleslaw 2) Beet Slaw 3) Marinated Slaw 4) Asian Slaw
EA1F15,81ST,Use Your Noodle II,"Ravioli, Tortellini",Stuffed pastas like Ravioli are much loved but seldom made. Host Alton Brown intends to put that to an end by demystifying noodle and filling alike. The answer: Your ironing board. (foodtv.com),01.15.2003,Use Your Noodle II,1) Ravioli 2) Tortellini
EA1F11,80TH,Casserole Over,"Casserole, Casserole Dishes, Ceramics","When a Sunday drive goes bad, host Alton Brown finds himself pushing the limits of his casserole knowledge to free his dog from angry church ladies. (foodtv.com)",01.08.2003,Casserole Over,1) Broccoli Casserole 2) Curry Chicken Pot Pie 3) Garlic Shrimp Casserole
EA1F09,79TH,Choux Shine,"pâte a choux, cream puffs, éclair","The easiest pastry dough to make also happens to be the most versatile and delicious. Trouble is, Americans won't make it because it's got a scary name: pâte a choux. Join host Alton Brown as he takes the steamy dough from cream puff to éclair and beyond. (foodtv.com)",11.13.2002,Choux Shine,1) Sweet or Savory Pate a Choux 2) Funnel Cake
EA1F07,78TH,Chops Ahoy,"Pork Chops, Stuffing, Propane","Host Alton Brown yearns for the juicy chop of yesterday and he intends to get it. Visit the neighborhood butcher, pick up stuffing tips (no, stuffing is not evil) and learn more than you ever wanted to know about propane. (foodtv.com)",11.06.2002,Chops Ahoy,1) Stuffed Grilled Pork Chops
EA1F08,77TH,Dip Madness,"Dip, Chicken Liver, Avocados","Dips may have driven Alton Brown a little bonkers but that won't keep him from delivering the goods on guacamole, California dip and the unjustly dissed chicken liver mousse. (foodtv.com)",10.16.2002,Dip Madness,1) Chicken Liver Mousse 2) Guacamole 3) Hot Spinach and Artichoke Dip 4) Onion Dip from Scratch
EA1F10,76TH,Amber Waves,"Beer, Beer Equipment, Brewer's Yeast","Back in '76, President Jimmy Carter made it legal for us to brew 200 gallons of our own beer each year. Still, most of us would rather crack open a can of mass market semi suds than take matters into our own hands. Too bad, since AB says brewing at home is more fun than rocket science (if you can imagine) and a heck of a lot better tasting. (altonbrown.com) Join Host Alton Brown and learn everything you need to know about yeast, barley, hops and the hardware you need to bring them together to produce that most American of foods, Beer, It's fun ,easy and Good Eats. (foodtv.com)",10.09.2002,Amber Waves,1) Good Brew
EA1F06,75TH,Tomato Envy,Tomatoes,"Learn everything you need to know about making the best use of the biggest berry to ever be called a vegetable. Take a serious look at serrated knives, a strange and delicious sandwich and a tomato sauce that almost isn't. (foodtv.com)",10.02.2002,Tomato Envy,1) Stuffed Tomatoes 2) TBL Panzanella 3) Tomato Sauce
EA1F05,74TH,Egg Files V: Quantum Foam,"Soufflé, Soufflé Cookware, Foam, Bubbles","The word ""soufflé"" has instilled fear in cooks for ages. Host Alton Brown believes a strong dose of science is all that's needed to get control of your egg foam. Learn the ins and outs of the cheese soufflé, and how to manage the heat in your oven. (foodtv.com)",08.07.2002,Egg Files V: Quantum Foam,1) Cheese Soufflé
EA1F04,73RD,Good Milk Gone Bad,"Yogurt, Lactobacillus Bulgaricus","Yogurt's not just good for you, it's just plain good. Especially when you make your own. Host Alton Brown shows how easy this miraculous feat really is, then demonstrates plenty of ways to use the white stuff up. (foodtv.com)",07.24.2002,Good Milk Gone Bad,1) Fresh Yogurt 2) Lemon-Ginger Frozen Yogurt 3) Tarragon Yogurt Sauce 4) Million Island Dressing: (named in the show as such) 5) Herb Spread 6) Yogurt Cheese
EASP02,72ND,Down and Out in Paradise,,"A freak fishing accident leaves AB all washed up on a deserted tropical island. Armed with little more than a pocket knife and a will to survive, AB gets by on coconuts, pineapples, mangos, papayas and one very feisty pig. Survival's never tasted better. (foodtv.com)",07.21.2002,Down and Out in Paradise,1) Island Ceviche with Pickled Onions 2) Coconut Shrimp with Peanut Sauce 3) Mango Chutney 4) Papaya Soup 5) Sweet and Sour Pork 6) Toasty Coconut Macaroons 7) Spicy Pineapple Slices 8) Chocolate Covered Nutty Coconut Balls
EA1F02,71ST,The Choke's On You,"Artichokes, Herb Oil","Host Alton Brown gets to the heart of artichokes. Pick up tips on storing, prepping, cooking and even eating this giant flower bud, as well as how to make your own herb oil to marinate them in. (foodtv.com)",07.10.2002,The Choke's On You,1) Broiled Chokes 2) Herb Oil 3) Artichoke Pasta Salad
EA1F03,70TH,Strawberry Sky,"Strawberries, Clotted Cream, Dry Ice, Free Radicals","Join Host Alton Brown to learn how to make the most of strawberry season. You can macerate them, glaze them, freeze them with dry ice, and even build a summer pudding in a tin can. AB even holds a quick lesson on the power of antioxidants. (foodtv.com)",07.03.2002,Strawberry Sky,1) Macerated Strawberries 2) Strawberry Pudding 3) Clotted Cream 4) Frozen Strawberries
EA1F01,69TH,The Other Red Meat,"Tuna, Chimney Charcoal Starter, Soy Sauce","A quick trip to the afterlife convinces host Alton Brown to get serious about eating more tuna. Find out how to grill on a chimney charcoal starter, how to avoid fake soy sauce, and why you can see a rainbow on Tuna Steaks. (foodtv.com)",06.19.2002,The Other Red Meat,1) Chimney Tuna Loin
EA1E11,68TH,This Spud's For You,"Potatoes, Rosti","Alton, ever the Spud Stud, cooks up homey Potato Soup, creamy Potato Salad and a spectacular Swiss Rosti. It's all in a night's work for AB, but will he wind up being mashed? (foodtv.com)",04.20.2002,This Spud's For You Too,1) Leftover Baked Potato Soup 2) Cold-Fashioned Potato Salad 3) Potato Roesti
EA1E05,67TH,Send In The Clams,"Clams, Clam Openers, Chowder","No bivalve is more American than a clam, nor is any shell-dweller more versatile in the kitchen. AB stalks the happy creature, shows you the ins and outs of clam identification, shops for a clam opening device and makes a wicked chowder, among other things. (altonbrown.com) No bivalve is more American than the clam nor is any other shell-dweller more versatile in the kitchen. Learn the ins and outs of clam identification, decide which ones to use where, buy a clam opening device and make a wicked chowder. (foodtv.com)",4.10.2002,Send In The Clams,1) Radonsky for the New Millenium 2) Clams on the Half Shell with Fresh Mayonnaise 3) Clam Chowder
EA1E10,66TH,Use Your Noodle II,Macaroni,"Of Thomas Jefferson's many innovations, none was greater than macaroni and cheese. Unfortunately the classic has been going steadily downhill ever since. Learn what you can do to restore this American casserole. AB evaluates bakeware, noodles noodles, looks at evaporated milk, and checks out cheddar. (altonbrown.com) Learn what you can do to return Macaroni & Cheese to a table near you. Evaluate bakeware, noodle noodles, look into evaporated milk and of course, cheddar cheese. (foodtv.com)",4.3.2002,Use Your Noodle II,"1) Baked Macaroni and Cheese 2) Stove Top Mac-n-Cheese 3) Next Day Mac and Cheese ""Toast"""
EA1E03,65TH,Squash Court,"Winter Squashes, Beta Carotene, Stick Blenders","Squash court is well, squash. Fall and winter side dishes. (altonbrown.com) Hard or ""winter"" squashes confuse and confound for no other reason than there are so darned many of them. Learn how to shop, store, and cook a plethora of gourdy recipes, find out what's really up with beta carotene and why you need to buy a stick blender. (foodtv.com)",3.6.2002,Squash Court,1) Squash Soup 2) Butternut Dumplings with Brown Butter and Sage 3) Pumpkin Bread
EA1E08,64TH,Art of Darkness II,"Cocoa Powder, Dutch Processing, Brownies","One strange dichotomy of the kitchen is that cocoa powder can actually be more chocolaty than chocolate. Alas, not all cocoas are alike. Get the dirt on Dutch processing, choose a few powders, then apply them to hot chocolate, brownies, and the mysterious cocoa freeze. (altonbrown.com) Alton gets the dirt on Dutch processing and the dead Dutch guy who invented it, choose a few powders then apply them to hot chocolate, brownies, sorbet and homemade chocolate syrup. (foodtv.com)",2.13.2002,Art of Darkness II,1) Cocoa Brownies 2) Cocoa Syrup 3) Hot Cocoa
EA1E13,63RD,Squid Pro Quo,"Squid, Cuttle Fish, Woks, Cooler Packing","AB takes a wok down by the bay, where a strange sea monster gives new meaning to eat or be eaten. Calamari, anyone? Learn how to prep squid and cook it up, indoors or out. Bet you've never seen a tailgate party like this one. (altonbrown.com) Alton finds himself catering a tailgate party for a group of folks out to catch a glimpse of a mythical sea monster. To commemorate the event, Alton prepares a menu featuring his favorite tailgateable sea monster: squid. (foodtv.com)",1.30.2002,Squid Pro Quo,1) Squid Vicious
EA1E04,62ND,The Trouble with Cheesecake,"Cheesecake, Springform Pans","These three things are true: Cheesecake is one of the most popular desserts in the world. It's one of the easiest to make. Almost no one makes cheesecake. What's wrong with this picture? AB heads to the city of brotherly love to find out. Discover the secrets of cream cheese, conquer crumb crusts, buy into some pans, and never, ever see a crack again. (altonbrown.com) Alton helps discover the secrets of cream cheese and its alter-ego marscapone. Conquer crumb crusts, buy into some pans, and produce both savory and sweet cheesecakes without a crack in site. (foodtv.com)",1.23.2002,The Trouble with Cheesecake,1) Sour Cream Cheesecake 2) Savory Cheesecake (not in show)
EA1E07,61ST,Deep Purple,"Eggplant, Vegetable Peelers, Bread Crumbs","Open your mind to the berry that gives us baba ganoush and grosses out kids everywhere. Eggplant can be delicious, if you know how to buy it, store it and prep it. AB covers it all, including proper vegetable peelers and how to tell the boys from the girls (yes, eggplant has its own battle Of the sexes). (altonbrown.com) The aliens among us are eggplants and they are delicious, really. Learn to shop for and store different varieties of eggplant, evaluate bread crumbs, and celebrate the vegetable peeler. (foodtv.com)",1.16.2002,Deep Purple,1) Baba Ghannouj 2) Eggplant Steaks 3) Eggplant Pasta
EA1E12,60TH,Scrap Iron Chef,"Bacon, Cold Smoker",AB's the challenger ... and bacon's the name of the game. Learn how you can—and why you should—make your own bacon. And how to cook it right too. Get the skinny on pork bellies and learn how to make a smoking device with junk from your own backyard. (altonbrown.com) Alton Brown finds himself participating in a rather odd TV game show. The arena: a junkyard. The opponent: Chef Midwest. The ingredient: pork belly. Alton Brown's power play: bacon from scratch. 'Nuff said. (foodtv.com),1.9.2002,Scrap Iron Chef,1) Scrap Iron Chef's Bacon 2) Bacon Vinaigrette with Grilled Radicchio Not covered in the show: a) Honey Mustard Cure b) Molasses Black Pepper Cure c) Red Pepper Brine d) Soy Honey Brine
EA1E02,59TH,Celebrity Roast,"Roast Beef, Oven, Dry Aging","A feast demands roast beast, but is the roast an endangered species? AB looks deep into the oven, comes to terms with dry aging, and proves that any kitchen can be made roast ready ... even the down and dirty kitchen of his evil twin brother. (altonbrown.com) As the holidays approach Alton Brown ponders the perfect roast beast, meets with a butcher, comes to terms with aging, learns about ovens & radiant heat, discovers new ways to have fun with flower pots, and produces the ultimate carnivores delight. (foodtv.com)",12.5.2001,Celebrity Roast,1) Dry Aged Standing Rib Roast with Sage Jus
EA1E09,58TH,Crêpe Expectations,"Crepes, Teflon Pans","Crepes are a great wrap with a bad rap. Truth is, crepes are incredibly simple, versatile, and good eats. All you need is science, a good pan, and a limber wrist. Alton performs crepe for a live audience. (foodtv.com) French cooking? Are you mad? AB rescues his favorite wrap from a bad rap. Crepes, in spite of that crazy upside down ""v"" over the ""e"", are simple, versatile, and incredible--if you've got science and some good tools on your side. (altonbrown.com)",11.28.2001,Crepe Expectations,1) Crepes 2) Mushroom Crepe Cake 3) Crepes Suzette 4) Crepe Quiche Lorraine
EA1E06,57TH,Oat Cuisine,"Oats, Oatmeal, Crock Pots, Granola","Following a heart attack and near death experience, Alton takes Gods advice and gets seriously into oatmeal. Examine crock pots, make honest granola, learn about fiber & nutrition and make the universal baked dessert topping. (foodtv.com) Following a near death experience, AB takes God's advice to heart and gets serious about a food he's not too keen on. Turns out, oats are good eats, if you treat them right. Examine crock pots, make edible oatmeal, honest granola and the universal baked dessert topping. (altonbrown.com)",11.7.2001,Oat Cuisine,1) Haggis 2) Steel Cut Oatmeal 3) Overnight Oatmeal 4) Granola
EA1E01,56TH,Deep Space Slime,"Gelatin, Gelatin Molds","Alton is working as a consultant on a low budget sci-fi movie. His job: make spooky, gooey gelatin molds. Since gelatin is one of the most powerful tools on the pantry planet, Alton's happy to comply, but he insists on making it taste real good. (foodtv.com) Deep down, everyone loves gelatin. But the stuff in the box is so, well, elementary school. AB harnesses the gelling power of gelatin for a B-grade movie, and gets an A for originality and taste. Now, if they can just finish the movie before the crew eats all the special effects. (altonbrown.com)",10.24.2001,Deep Space Slime,"1) Sparkling Gingered Face 2) Cinnamon Cherry Heart 3) Panna Cotta Brain with Cranberry Glaze 4) Spooky Edible Eyes (not in show) 5) Layered Gelatin (not at Foodtv, link to transcript recipe)"
EA1D01,55TH,Chile's Angles,"Chile's Capsaicin, Human Tongue","Alton investigates the fruity heat of chilies and that ubiquitous condiment: salsa. Ponder the human tongue, the power of capsaicin, and learn to tame the burn of the only food registered as a weapon with the FDA. (foodtv.com)",10.03.2001,Chile's Angles,1) Salsa 2) Spicy Pineapple Sauce
EA1D04,54TH,True Brew II,"Tea, Tea Pots, Tea Kettles",Tea drinking taken seriously and all the dirt on the world's number two beverage. (Water is #1.) (foodtv.com),9.05.2001,True Brew II,1) Sweet Tea 2) Perfect Cup of Tea
EA1D07,53RD,Puff The Magic Pastry,"Pastry, Tender & Flakey","Don't be afraid, the store stuff can deliver the puff. (foodtv.com)",8.22.2001,Puff the Magic Pastry,1) Salmon Turnovers 2) Fruit Tart
EA1D10,52ND,Mayo Clinic,Mayonnaise,Join Alton Brown as he debunks the many mysteries of mayonnaise. (foodtv.com),8.8.2001,Mayo Clinic,1) Party Mayonnaise 2) Mayonnaise
EA1D11,51ST,The Bulb of the Night,Garlic,Meet the Count and discover the miraculous properties of this humble bulb. (foodtv.com),7.25.2001,The Bulb of the Night,1) Vlad's Very Garlicky Greens 2) 40 Cloves and a Chicken
EA1D13,50TH,Pantry Raid IV: Comb Alone,"Honey, Bees, Bee Hives","The most mentioned food in the Bible. The only food produced for us by animals. It's a sweetener, it's an antiseptic, it's amazing. (foodtv.com)",7.11.2001,Pantry Raid IV: Comb Alone,1) Honey Mustard Dressing 2) Honey Plums 3) Aunt Verna's Orange Cake 4) Sweet and Sour Dessert Sauce
EA1D12,49TH,A Chuck for Chuck,"Chuck, 7-Bone, Aluminum, Pot Roast","From ordinary chuck to sublime, melt in your mouth flavor: how to make the perfect pot roast without the pot. (foodtv.com)",6.27.2001,A Chuck for Chuck,1) Pot Roast
EA1D08,48TH,Let Them Eat Foam,"Cake, Angel Food Cake, Cake Pan","Chocolate layer and sheet cakes are more American than apple pie, yet few of us ever bake them anymore. We're going to change all that. Shop for cake pans, learn everything you need to know to keep your foam from flopping and produce a heavenly cake. (foodtv.com)",6.13.2001,Let Them Eat Foam,1) Angel Food Cake
EA1D06,47TH,Ham I Am,"Country Ham, City Ham","Country and city hams: cured, smoked, raw, brined or fresh, get your juices going for some good old American ham. (foodtv.com)",5.30.2001,Ham I Am,1) City Ham 2) Country Ham
EA1D05,46TH,Crustacean Nation II: Claws,Lobster,"Despite immense popularity, 9 out of 10 cooks say they're afraid to cook lobster. Host Alton Brown demystifies the buying, handling and cooking of the briny bug that put the surf into the surf-n-turf. (foodtv.com)",5.16.2001,Crustacean Nation II: Claws,1) Stuffed Lobster
EA1D02,45TH,Fry Hard II: The Chicken,"Buttermilk, Fried Chicken, Pan Frying","Buttermilk bathed, golden brown and delicious, mmm, mmm, fry some more, 'cause nobody doesn't love fried chicken. (foodtv.com)",4.25.2001,Fry Hard II: The Chicken,1) Fried Chicken
EA1D03,44TH,Pressure,"Broth, Pressure Cookers",The scientific theory behind capturing meaty goodness in liquid form and why the pressure cooker makes great broth. (foodtv.com),4.18.2001,Pressure,1) AB's Beefy Broth
EA1D09,43RD,"Where There's Smoke, There's Fish","Hot Smoker Box, Salmon, Woodchips, Brining","On one level, the marriage of fish (especially oily fish like trout or mackerel) and smoke might seem odd, but not only does it work, it is one of the easiest things you can do with a grill. Get the lowdown on woodchips, learn even more about brining (yes, again) and play around with some weeds. (foodtv.com)",4.11.2001,"Where There's Smoke, There's Fish",1) Smoked Salmon
EA1C06,42ND,Grill Seekers,"Grills, Lamb",The grill is your friend. Let Alton Brown show you how to tackle this backyard troublemaker and use it's powers for good. (foodtv.com),03.07.2001,Grill Seekers,1) Silence of the Leg O' Lamb
EA1C10,41ST,Head Games,"Cabbage, Cutting Board","Alton Brown gets inside a cabbage's head and comes out with a better understanding of what makes this potentially troublesome vegetable tick. Side trips include ""cutting board blues"" and a quick trip though cabbage history. (foodtv.com)",02.21.2001,Head Games,"1) Shred, Head, Butter and Bread 2) Home of the Braise"
EA1C01,40TH,Tofuworld,"Tofu, Soy, Blenders",Alton makes what once seemed foreign into an understandable all American classic. (foodtv.com),02.07.2001,Tofuworld,1) Fillet O'Fu 2) No Guilt Caesar 3) Moo-Less Chocolate Pie 4) Tall & Tangy Tofu Thangy
EA1C13,39TH,Mission: Poachable,"Poaching, Eggs, Fish","Alton must pit his poaching skills against those of the evil ""Frenchman"" who's plan is to contaminate the city's water with court bouillon. AB's crack team of culinary allies includes ""W"" and a shady soviet scientist. (foodtv.com)",01.31.2001,Mission: Poachable,1) GE Court Bouillon 2) The Frenchman's Bass 3) Catfish au Lait 4) Poached Egg Tips
EA1C12,38TH,Pantry Raid III: Cool Beans,"Beans, Hummus","Alton Brown helps us work through the fear with a very strange board game and a trip through his intestinal track while still taking time for ""Real"" Baked Beans, Black Bean Salad and the fastest Hummus on Earth. (foodtv.com)",01.17.2001,Pantry Raid III: Cool Beans,1) The Once and Future Beans 2) Black Bean Salad 3) Turbo Hummus
EA1C11,37TH,Flat Is Beautiful,"Pizza, Peels, Pizza Stones","Alton Brown claims we won't be satisfied with pizza until we take matters into our own hands. Venture through the world of yeast, lay new tiles in your oven and meet a peel named Emma. (foodtv.com)",01.10.2001,Flat Is Beautiful,1) Pizza Pizzas
EA1C08,36TH,The Case For Butter,"Butter, Margarine, Sauce","Alton Brown goes to court to defend butter against a bad wrap brought on by ""the dark agents of industry, media and the fat phobic public."" The best defense: sauces. (foodtv.com)",01.3.2001,The Case For Butter,1) Raymond Beurre Blanc 2) Compound Butter 3) Honey Butter
EA1C09,35TH,Flap Jack Do It Again,"Pancakes, Syrup, Measuring Cups","Join Alton Brown as he concocts homemade ""instant"" pancakes, shops for some heavy metal (measuring cups that is) and takes a long walk amongst the maples. (foodtv.com)",12.27.2000,Flap Jack Do It Again,"1) ""Instant"" Pancake Mix"
EA1C05,34TH,Three Chips for Sister Marsha,Cookies,"Alton uses time travel to explain the mystery behind cookies with three kinds: the thin, the puffy and the chewy. (foodtv.com)",12.13.2000,Three Chips for Sister Marsha,1) The Thin 2) The Puffy 3) The Chewy
EA1C14,33RD,Behind the Bird,"Turkey Leftovers, Sandwich Making, Toasters","How long after Thanksgiving can you live on leftovers? Food Expert, Alton Brown shows all the leftover possibilities... (foodtv.com)",11.18.2000,Behind the Bird,1) In a Cranberry Jam 2) Turkey Re-Hash 3) Bird to the Last Drop
EA1C04,32ND,What's Up Duck?,"Duck, Thermodynamics",Why do Americans not eat duck? Watch as Alton ponders thermodynamics in his quest to make duck a regular dish. (foodtv.com),11.01.2000,What's Up Duck?,1) Mighty Duck
EA1C03,31ST,Man with a Flan,"Flan, Eggs, Whisk",Unleashing more of the eggs' amazing powers in the second of a series about the egg. (foodtv.com),10.18.2000,Man with a Flan,1) Refrigerator Pie 2) Flandango
EA1C02,30TH,Mussel Bound,"Mussels, Pots, Mussel Farming",Learn to win in this shell game. Alton explains the simple pleasures of mussels. (foodtv.com),10.11.2000,Mussel Bound,1) Mojo Moulies
EA1C07,29TH,American Pickle,"Pickles, Pickling",There is no good reason that people do not make their own pickles. They are easy and delicious. Let Alton show you simple joys of pickling. (foodtv.com),09.20.2000,American Pickle,1) Kinda Sorta Sours 2) AB's B and B's 3) Firecrackers 4) Summer Fruits 5) Hurry Curry Cauliflower
EA1B09,28TH,Ear Apparent,"Corn, Endosperm, Starch, Maize, Corn Meal, Popcorn","Alton shops, shucks and shares the history and methods of the summer fave: corn. (foodtv.com)",7.19.2000,Ear Apparent,1) Better Than Grannie's Creamed Corn 2) Creamed Corn Cornbread 3) Plain Brown Popper
EA1B14,27TH,Pork Fiction,"Pork Ribs, Rubs, Slow Cooking, Collagen, Myoglobin","Trapped on a desert island, Alton is eating ribs. Let him show you the way, the truth and the light about ribs. (foodtv.com)",7.5.2000,Pork Fiction,1) Who Loves Ya Baby-Back?
EA1B05,26TH,Citizen Cane,Sugar,"Cooking with sugar is not difficult. Alton thinks that chefs make it seem hard so that you are really impressed with dessert when you order it. Well, Good Eats will show how easy and delicious sugar is. (foodtv.com)",6.21.2000,Citizen Cane,1) Caramel Sauce 2) Doodads 3) Banana Brulee 4) Banana SplitsvilleNote: All the recipes are found under one heading at FN. The first three recipes are used to make the 4th.
EA1B12,25TH,Pantry Raid II: Seeing Red,"Tomatoes, Knives, Honing, Sharpening, Mire Pox, Can Openers, Sweats","Need a tomato sauce? No, not from a jar ... Alton has three ways to simplify your life with sauce. (foodtv.com) Need a tomato sauce? No, not from a jar ... Alton has three ways to simplify your life with sauce. Recipes: Pantry Tomato Sauce V1.1; Pantry Tomato Sauce V1.2; Pantry Tomato Sauce V1.3 (foodtv.com 2003)",6.7.2000,Pantry Raid II: Seeing Red,1) Pantry Friendly Tomato Sauce
EA1B06,24TH,Urban Preservation Part 1,"Jam, Preserves, Canning, Pectin, Boiling, Air Pressure, Microbes","Nobody seems to make jam anymore and Alton has wondered why. It is a time honored tradition, and it's easy and delicious. Alton is on a mission to make canning common again! Using good science and easy methods, Alton will show you how to jam. (foodtv.com)",5.24.2000,Urban Preservation Part 1,1) Spiced Blueberry Jammin'
EA1B10,23RD,Fry Hard,"Frying, French Fries, Fat, Fatty Acids, Fry Machine","Fry is not a dirty word. Alton wants to show that proper know-how allows everyone to make healthy, delicious and safe fried foods. (foodtv.com)",5.10.2000,Fry Hard,1) Chips and Fish
EA1B11,22ND,A Grind is a Terrible Thing to Waste,"Hamburger, Ground Beef, Beef Chuck,",Learn to be excited when meat loaf is for dinner...and other ground beef techniques. (foodtv.com),4.26.2000,A Grind is a Terrible Thing to Waste,1) Good Eats Meat Loaf 2) Burger of the Gods
EA1B08,21ST,True Brew,"Coffee, Coffee Filters, Decaffeinated Coffee, Water, Caffeine","Coffee is America's drink. Nobody drinks more than we do, but Alton thinks that we do not enjoy the bitter brew as much as we should. Watch as Alton leads us through the history and prep of our favorite bean. (foodtv.com)",4.12.2000,True Brew,"1) Coffee: Black, No Chaser"
EA1B04,20TH,Crust Never Sleeps,"Pie Crust, Tender, Flakey",Alton thinks that the crust is the best part of the pie. Watch as he does battle with Tender and Flaky with the help of good science to make the crust of his dreams. (foodtv.com),3.22.2000,Crust Never Sleeps,1) No Pan Pear Pie
EA1B13,19TH,The Fungal Gourmet,"Mushrooms, Sautée, Ghee, Clarified Butter","Mushrooms are mysterious no longer, Alton makes them a kitchen staple. (foodtv.com)",3.15.2000,The Fungal Gourmet,1) The Fungal Sauté 2) That Ol' Cap Magic
EA1B07,18TH,Crustacean Nation,"Shrimp, Deveining, Cocktail Sauce","Shrimp cocktail is not just for wedding receptions anymore - you can make it too, once Alton shows you around a shrimp boat and his cousin Ray's shrimp shop. (foodtv.com)",3.8.2000,Crustacean Nation,1) The Shrimp Cocktail
EA1B03,17TH,Apple Family Values,"Apples, Waldorf Salad, Apple Sauce, Microwave Physics, Ethylene","Apples- whether they are of your eye, in the Garden of Eden, or shot off of your head by William Tell, apples are as American as, well, apple pie. Watch Alton Brown show you how to shop, store and prepare some apple classics. (foodtv.com)",3.1.2000,Apple Family Values,"1) It's a Wonderful Waldorf 2) 10 Minute Apple Sauce 3) Baker, Baker"
EA1B02,16TH,For Whom the Cheese Melts,"Cheese, Cheese Monger, Cheese Making, Cutting Board, Fondue","Alton Brown loves cheese as much as anyone. See what fondue has to do with football, make the best grilled cheese sandwich you have ever had and see why cheese is milk's leap to immortality. (foodtv.com)",1.19.2000,For Whom the Cheese Melts,1) Fondue Vudu 2) Big Cheese Squeeze
EA1B01,15TH,It's a Wonderful Cake,"Fruitcake, Sulfides, Macerate, Drupes, Pecans, Spices, Cinnamon, Ginger, Spice Storage",Alton Brown is out to prove that fruitcake shouldn't be the butt of holiday jokes any longer. Watch as he shows the history and the quick and easy preparation of the unfairly maligned but delicious fruitcake. (foodtv.com),12.15.1999,It's a Wonderful Cake,1) Free Range Fruitcake
EASP01,14TH,Romancing The Bird—A Good Eats Thanksgiving,"Turkeys, Brining, Electric Knives, Stuffing, Basting, Probe Thermometers","Alton Brown's on a mission to shake the dry-turkey curse that's haunted his family for generations. Before he's overrun by meddling (not to mention uninvited) kinfolk, can Alton unlock the secrets of a juicy turkey that cooks in just two hours? (foodtv.com 1999) Follow Alton Brown on his mission to throw off the dry turkey curse that's haunted his family for ages. Can he unlock the secrets to a juicy turkey that cooks in just two hours before being overrun by meddling (not to mention uninvited) kinfolk? (foodtv.com 2000)",11.14.1999 (During Season 1),Romancing The Bird-A Good Eats Thanksgiving,1) Good Eats Roast Turkey 2) Sweet Corn Bread Pudding 3) Tart Cranberry Dipping Sauce
EA1A13,13TH,Art of Darkness,"Chocolate, Cacao, Folding Technique, Theobroma cacao, Seizing","Alton Brown delves into the dark world of chocolate, picks a pod, roasts some beans, questions mysterious guests, visits his shrink, makes a mousse and hits upon the ultimate chocolate recipe. (foodtv.com)",9.29.1999,Art of Darkness,1) Chocolate Mousse 2) Chocolate Lava Muffins
EA1A12,12TH,Power to the Pilaf,"Rice, Pilaf, Rice Cookers, Saffron, Starch, Rice to Water Ratio","Alton brown heads to LA for a sack of rice, evaluates rice cookers, unlocks saffron and rewrites the rules for the most versatile of all rice dishes: pilaf. (foodtv.com)",9.22.1999,Power to the Pilaf,1) Rice Pilaf
EA1A11,11TH,"Pantry Raid I: ""Use Your Noodle""","Pasta, Spaghetti, Pots, Extrusion, Colanders, Olive Oil,","Part one of an ongoing series looks at the king of pantry essentials: Dried pasta. Alton Brown explores pasta styles, the best cooking method (water is key), the tools you really need (big), and a different way of saucing. (foodtv.com)",9.15.1999,Use Your Noodle,1) Pasta
EA1A10,10TH,"Hook, Line and Dinner","Fish, Fish Cuts, Salt Dome","Alton Brown dives deep into the watery world of fish and finds that with just three cooking methods under your belt, you can cook just about all of the critters. (foodtv.com)",9.8.1999,"Hook, Line and Dinner",1) Grilled Salmon Steaks 2) Pan Fried Fish 3) Striped Bass in Salt Dome
EA1A09,9TH,A Bowl of Onion,"Onion, French Onion Soup, Electric Skillet, Terroir, Vidalia, Cutting Onions, Bouquet Garni","Host Alton Brown journeys to the center of the onion. After rediscovering a kitchen classic, and debunking the mythology of tear-free onion cutting, he emerges with a darned fine bowl of soup. (foodtv.com)",9.1.1999,A Bowl of Onion,1) French Onion Soup
EA1A08,8TH,Gravy Confidential,"Gravy, Roux, Colloids, Starch, Saucier, Mother Sauces","Don't miss the (gravy) boat as host Alton Brown (armed with the right pan and whisk for the job) conquers ""rouxs"" and leads the way to lump free liquid love. (foodtv.com)",8.25.1999,Gravy Confidential,1) Gravy from Roast Drippings 2) Sawmill Gravy 3) White Roux
EA1A07,7TH,The Dough Also Rises,"Biscuits, Flour, Baking Powder, Sheet Pans, Shortening, Lard","Searching for the perfect southern-style biscuit, Alton Brown investigates flour and leaveners and turns to his Grandmother for a pointer or two...not to mention a few pointed comments. (foodtv.com)",8.18.1999,The Dough Also Rises,1) Southern Biscuits 2) Scones 3) Shortcake
EA1A06,6TH,Churn Baby Churn,"Ice Cream, Churns, Vanilla, Sorbet","You scream, I scream, but Alton Brown would rather make his own ice cream...and sorbet and granita. Secrets the pros don't want you to know and how to find an ice cream machine that delivers the goods without breaking the bank. (foodtv.com)",8.11.1999,Churn Baby Churn,1) Serious Vanilla Ice Cream 2) Coffee Granita 3) Key Lime Sorbet
EA1A05,5TH,A Bird In The Pan,"Chicken, Fond, Mise en Place, Roasting Pan, Butterflying, Jus","Why did the chicken cross the road? Probably to escape Alton Brown, who seems intent on defining the perfect broiled chicken that's out of the oven and bathed in sauce in under half an hour. (foodtv.com)",8.4.1999,A Bird In The Pan,"1) Broiled, Butterflied Chicken"
EA1A04,4TH,Salad Daze,"Lettuce, Lettuce Storage, Vinaigrette, Spin Dryers, Croutons","Exiled to bars, chopped and pre-packaged, drenched in noxious concoctions, the tossed salad deserves better. Alton Brown goes back to salad basics and pays homage to Caesar. (foodtv.com)",7.28.1999,Salad Daze,1) Veni Vedi Vinaigrette 2) Hail Caesar Salad
EA1A03,3RD,The Egg-Files,"Egg, Egg Grading, Chickens","Alton Brown cracks the mysterious egg case and pursues a higher understanding of the amazing ovoid's culinary powers. How to land a non-stick pan, scramble, over easy--and consider eggs for dessert. (foodtv.com)",7.21.1999,The Egg-Files,1) Eggs Over Easy 2) Lemon Curd 3) Scrambled Eggs Unscrambled
EA1A02,2ND,This Spud's For You,"Potatoes, Gratin, Starch","Alton Brown ponders the potato and its main ingredient: Starch. Baking, mashing and gratins are re-examined. (foodtv.com)","7.??.1998: WTTW Ch. 11, Chicago, IL 7.14.1999: FoodTV",This Spud's For You,1) The Baked Potato 2) Potato/Portobello Gratin 3) Mashers
EA1A01,1ST,Steak Your Claim,"Steak, Cast Iron, Probe Thermometer, Salt",--none--,"07.??.1998: WTTW, Ch. 11, Chicago, IL 07.07.1999: FoodTV",Steak Your Claim,1) Pan Seared Rib Eye
